ID,Week1-0to14,Week1-14to20,Week1-36to42,Week2-0to14,Week2-14to20,Week2-36to42,Week3-0to14,Week3-14to20,Week3-36to42,Week3-60to66,Week3-88to94,Week4-0to14,Week4-14to20,Week4-36to42,Week4-60to66,Week4-88to94,Week5-0to14,Week5-14to20,Week5-36to42,Week5-60to66,Week5-88to94,Avg-0to14,Avg-14-20,Avg-36to42,Avg-60to66,Avg-88to94,kc,ko,ssq_res,res2,res5,res27,res51,res72
ln1-1,1.027777778,2.194444444,5.416666667,0.611111111,3.25,5.722222222,1.361111111,2.916666667,5.722222222,2.472222222,0.583333333,0.555555556,2.833333333,6.027777778,2.583333333,0.388888889,1.166666667,3,5.666666667,3.833333333,0.472222222,0.944444444,2.838888889,5.711111111,2.962962963,0.481481481,-3.47611304788298E-009,2.9127901304,14.2707566923,-0.0612187345,-1.1408758406,-3.0129412286,-0.3586156253,1.938811817
ln2-2,0.138888889,1.916666667,4.583333333,1.166666667,2.555555556,6.777777778,1.027777778,2.555555556,4.805555556,2.166666667,0.416666667,0.75,3.166666667,7.111111111,2.361111111,0.194444444,1.027777778,3.166666667,6,5.25,0.444444444,0.822222222,2.672222222,5.855555556,3.259259259,0.351851852,-3.51174309836618E-009,2.3299192724,19.3390092404,-0.115322883,-1.3104178036,-3.6625419392,-1.1033315747,1.7253872125
ln3-3,0.861111111,3.277777778,5.388888889,1.916666667,3.444444444,5.305555556,0.805555556,2.833333333,5.333333333,4,0.527777778,1.972222222,4.027777778,6.722222222,1.916666667,0.222222222,0.833333333,3.611111111,5.222222222,6.888888889,0.111111111,1.277777778,3.438888889,5.594444444,4.268518519,0.287037037,-3.4142779618558E-009,3.8989968559,12.525846381,-0.0966816386,-1.1760725633,-2.0895045807,-1.0453047257,2.382154698
ln4-4,0.944444444,2.527777778,4.361111111,2.166666667,2.583333333,5.055555556,1.166666667,2.888888889,5.111111111,3.638888889,0.5,1.694444444,4.027777778,6.111111111,3.361111111,0.055555556,0.666666667,3.861111111,5.611111111,5.5,0.222222222,1.327777778,3.177777778,5.25,4.166666667,0.259259259,-3.36456436593484E-009,4.6693994597,7.0360256797,0.0855969796,-0.4772861443,-1.1610281533,-0.6147605353,2.2527716007
ln5-5,0.444444444,2.305555556,5.166666667,1.527777778,3.333333333,4.916666667,0.888888889,2.666666667,5.305555556,4.944444444,0.583333333,0.805555556,3.277777778,5.861111111,3.138888889,0.305555556,1,4.083333333,6.611111111,4.555555556,0.333333333,0.933333333,3.133333333,5.572222222,4.212962963,0.407407407,-3.5024646055781E-009,2.4827768263,20.2730849721,-0.1801725038,-1.6831858203,-3.2448233064,-1.9344705268,1.7710036211
ln6-6,0.4,2.2,4.733333333,1.305555556,3.083333333,4.75,1.138888889,2.833333333,4.777777778,4.305555556,0.472222222,0.583333333,2.916666667,5.75,4.416666667,0.138888889,0.722222222,3.111111111,5.666666667,5.166666667,0.222222222,0.83,2.828888889,5.135555556,4.62962963,0.277777778,-3.89970176090548E-009,2.2460869409,20.9145128367,-0.1484780894,-1.5155869931,-3.0168011555,-2.5422870113,1.7410200172
ln7-7,0.222222222,1.777777778,4.305555556,0.944444444,2.527777778,4.027777778,0.055555556,1.611111111,4.111111111,3.416666667,2.388888889,0.472222222,2.805555556,5.722222222,5.666666667,3.138888889,0.138888889,2.555555556,5.805555556,6.5,2.638888889,0.366666667,2.255555556,4.794444444,5.194444444,2.722222222,-3.52528914139438E-009,2.1038322976,20.0338718761,0.2717826281,-1.0246418867,-2.8025871646,-3.2255798185,-0.807003781
ln8-8,0.111111111,1.388888889,2.527777778,1.055555556,1.75,3.472222222,0.833333333,2.138888889,3.333333333,2.944444444,2.805555556,0.527777778,2.611111111,4.444444444,4.333333333,1.722222222,0.083333333,0.861111111,4.944444444,4.027777778,1.916666667,0.522222222,1.75,3.744444444,3.768518519,2.148148148,-0.0184068463,3.5413330757,1.1792187276,0.5701318973,0.3916996364,-0.160201219,-0.3343385816,0.7505284967
ln9-9,0.416666667,1.944444444,4,0.166666667,1.833333333,4.5,0.75,2.5,4.527777778,4.5,1.083333333,0.361111111,2.694444444,5.472222222,4.805555556,0.861111111,0.277777778,1.777777778,4.027777778,4.138888889,1.472222222,0.394444444,2.15,4.505555556,4.481481481,1.138888889,-3.51855865391259E-009,2.2150861134,13.2276096055,0.2776919213,-0.8546434822,-2.4143606277,-2.419737159,0.857797273
ln10-1,0.138888889,1.222222222,2.055555556,2.055555556,2.388888889,3.277777778,1.416666667,2.666666667,3.833333333,3.166666667,3.083333333,0.416666667,2.472222222,4.166666667,3.805555556,2.194444444,0.555555556,2.833333333,5.333333333,5.166666667,2.166666667,0.916666667,2.316666667,3.733333333,4.046296296,2.481481481,-3.50890807201224E-009,2.3767074501,6.7167675288,-0.1956056354,-0.9278082676,-1.4990453213,-1.8525046402,-0.3725150539
ln11-2,0.333333333,1.694444444,3.527777778,0.694444444,1.305555556,3.111111111,0.444444444,1.916666667,4.416666667,5.388888889,3.583333333,0.5,2.25,4.861111111,5.972222222,2.722222222,0.194444444,1.888888889,4.583333333,5.472222222,2.25,0.433333333,1.811111111,4.1,5.611111111,2.851851852,-0.0978444519,2.0706790009,0.2131934925,0.2582496404,-0.3023494603,-0.0919018193,-0.1918745711,-0.0991141978
ln12-3,0.194444444,1.444444444,5.083333333,0.638888889,2.055555556,3.916666667,0.111111111,1.75,4.083333333,4.194444444,2.611111111,0.305555556,2.138888889,5.861111111,5.388888889,1.75,1.416666667,3.75,5.361111111,2.555555556,0.083333333,0.533333333,2.227777778,4.861111111,4.046296296,1.481481481,-8.64394316057751E-009,4.2733242583,3.5175869589,0.760668621,0.2480853996,-1.0670723823,-0.6445096408,1.1503858901
ln13-4,0.833333333,2,4.5,1.916666667,2.75,5.472222222,0.805555556,2.722222222,5.472222222,4.25,0.25,0.5,3.555555556,6.527777778,2.277777778,0.361111111,0.861111111,4.25,6.722222222,4.361111111,0.527777778,0.983333333,3.055555556,5.738888889,3.62962963,0.37962963,-2.4380364836655E-007,9.0368935493,9.0698417352,1.7400554653,2.0679822567,0.739255997,-1.086615581,-0.195615053
ln14-5,0.083333333,1.638888889,4.25,1.527777778,2.194444444,3.888888889,0.416666667,2.111111111,4.694444444,4.5,2.722222222,0.055555556,2.444444444,5.166666667,5.138888889,1.916666667,0.666666667,2.944444444,5.5,4.666666667,0.583333333,0.55,2.266666667,4.7,4.768518519,1.740740741,-0.0669607292,3.2800334549,0.3083043679,0.511137582,-0.0545700554,-0.0049060501,0.1963155826,0.0741685373
ln15-6,0.444444444,1.777777778,5.027777778,1.111111111,2.416666667,4.25,0.555555556,2.333333333,4.777777778,4.666666667,2.527777778,0.388888889,2.805555556,5.194444444,5.694444444,1.972222222,0.5,2.666666667,5.638888889,6.111111111,3.666666667,0.6,2.4,4.977777778,5.490740741,2.722222222,-0.0749076843,2.8464432575,0.9824960789,0.3285319791,-0.4410068162,-0.5714595822,-0.4605935402,-0.3759831676
ln16-7,0.305555556,2.416666667,5.166666667,0.916666667,3.388888889,5.777777778,0.5,2.972222222,6.638888889,4.555555556,0.138888889,0.916666667,3.861111111,7.277777778,2.75,0.083333333,0.805555556,4.055555556,6.472222222,3.888888889,0.222222222,0.688888889,3.338888889,6.266666667,3.731481481,0.148148148,-0.0761013735,4.5303906881,0.8747759667,0.78807776,-0.2388439245,0.34341583,0.2396421229,-0.1459459191
ln17-8,0.416666667,2.25,3.055555556,0.805555556,2.666666667,4.305555556,0.361111111,2.583333333,5.555555556,4.416666667,2.638888889,0.694444444,3.916666667,7.25,3,0.083333333,0.611111111,2.861111111,5.555555556,5.305555556,1.083333333,0.577777778,2.855555556,5.144444444,4.240740741,1.268518519,-0.0473334298,4.283076266,0.7288495863,0.7800218726,-0.1050936078,-0.039916272,0.318945494,0.077789853
ln18-9,1.5,2.527777778,5.083333333,1.583333333,2.555555556,4.861111111,1.25,3.833333333,5.833333333,4.166666667,0.5,0.055555556,3.138888889,7.638888889,2.888888889,0.333333333,0.666666667,4.416666667,7.861111111,4.333333333,0.194444444,1.011111111,3.294444444,6.255555556,3.796296296,0.342592593,-3.48981918536763E-009,2.6898750118,22.7487509082,-0.1952958488,-1.7248015625,-3.7482267256,-1.3572109019,1.9607256287
ln19-0,0.361111111,2.055555556,3.75,0.861111111,2.25,3.722222222,0.611111111,2.527777778,4.361111111,3.805555556,2.75,0.416666667,2.75,5.305555556,4.722222222,1,0.555555556,2.75,4.666666667,4.111111111,1.722222222,0.561111111,2.466666667,4.361111111,4.212962963,1.824074074,-0.0508018477,3.7469784074,0.7102330239,0.6314350505,-0.0354990375,0.3097941564,0.3473915589,0.305956377
ln20-2,0.916666667,2.75,3.666666667,1.555555556,3.083333333,4.833333333,1.166666667,2.944444444,5.083333333,5.25,0.194444444,0.861111111,4.055555556,6.305555556,3.916666667,0.25,1.5,4.138888889,5.861111111,5.833333333,0.222222222,1.2,3.394444444,5.15,5,0.222222222,-3.44888607742866E-009,3.3509172522,16.4697943583,-0.1843709225,-1.4448862717,-2.0856429532,-2.0964289399,2.3671046776
ln21-3,1.444444444,2.444444444,4.138888889,1.277777778,3.083333333,4.611111111,1.305555556,2.944444444,5,4.694444444,0.638888889,1.305555556,3.666666667,6.527777778,4.805555556,0.388888889,0.5,4.638888889,6.555555556,6.361111111,0.25,1.166666667,3.355555556,5.366666667,5.287037037,0.425925926,-3.47500418975922E-009,2.930754738,20.9695664699,-0.2780097026,-1.6472085756,-2.6532474856,-2.6697344293,2.0029420463
ln22-4,0.805555556,1.972222222,4.361111111,2.166666667,3.527777778,4.916666667,1.333333333,3.444444444,5.75,4.194444444,0.361111111,0.888888889,3.833333333,7.444444444,4.888888889,0.25,1.527777778,4.944444444,6.527777778,4.916666667,0.25,1.344444444,3.544444444,5.8,4.666666667,0.287037037,-3.42154070043474E-009,3.7847878077,15.4631547638,-0.1978133423,-1.3467754192,-2.3852060802,-1.5045968142,2.3784871236
ln23-5,2.166666667,3.055555556,4.861111111,2.5,2.861111111,4.472222222,2.027777778,3.472222222,5.111111111,3.888888889,0.25,1.138888889,4.361111111,6.638888889,0.944444444,0.222222222,1.194444444,4.5,5.333333333,4.138888889,0.111111111,1.805555556,3.65,5.283333333,2.990740741,0.194444444,-2.28901954371934E-009,11.6687992295,17.9749412434,1.701699945,2.8864042559,1.7867706505,-1.876605517,-0.1833886261
ln24-6,0.638888889,1.916666667,3.527777778,1.472222222,2.527777778,3.138888889,0.916666667,2.055555556,3.611111111,3.444444444,2.861111111,0.583333333,2.833333333,5.083333333,4.361111111,2.75,0.638888889,3.305555556,4.583333333,3.361111111,1.916666667,0.85,2.527777778,3.988888889,3.722222222,2.509259259,-3.51737346914507E-009,2.2367743815,7.9909064886,-0.1712974189,-1.2198660919,-1.8784077023,-1.642556063,-0.4970759344
ln25-7,0.638888889,2.166666667,3.611111111,1.833333333,2.583333333,4.25,0.638888889,2.75,4.472222222,4.027777778,2.777777778,1.083333333,3.25,6.083333333,5.333333333,1.194444444,1.055555556,3.444444444,6.027777778,5.944444444,2.361111111,1.05,2.838888889,4.888888889,5.101851852,2.111111111,-0.0566831994,3.6395002614,0.4221619821,0.1151622718,-0.4448975211,-0.1340580215,-0.3778129387,-0.2241688185
ln26-8,0.111111111,1.777777778,3.305555556,1.055555556,2.75,3.527777778,0.166666667,1.527777778,2.861111111,2.972222222,2.388888889,0.25,2.333333333,5.972222222,5.527777778,1.888888889,0.055555556,2.75,5.388888889,6.111111111,4.194444444,0.327777778,2.227777778,4.211111111,4.87037037,2.824074074,-0.0735037355,2.7615565518,0.4382716876,0.5718961094,-0.3324924408,0.0254229136,-0.0024463674,-0.0017306597
ln27-9,0.666666667,2.277777778,4,1.638888889,2.138888889,3.916666667,0.611111111,2.694444444,4.472222222,4.527777778,4,1.138888889,3.083333333,6.361111111,5.861111111,2.583333333,0.333333333,3,5.388888889,5.666666667,2.333333333,0.877777778,2.638888889,4.827777778,5.351851852,2.972222222,-3.5248311993878E-009,2.1129057093,22.5160208281,-0.2365808193,-1.4027170834,-2.8277936707,-3.3753540927,-1.0502394168
ln28-0,1.027777778,2.361111111,5.194444444,1.166666667,3.388888889,5.416666667,0.472222222,2.583333333,4.916666667,3.972222222,0.333333333,0.555555556,3.277777778,7.083333333,4.333333333,0.472222222,1.138888889,4.333333333,7.666666667,5.972222222,0.25,0.872222222,3.188888889,6.055555556,4.759259259,0.351851852,-3.51834887754194E-009,2.2206067111,29.2604532705,-0.198414445,-1.8903363059,-3.9594489841,-2.6929472473,1.6487912225
ln29-1,0.166666667,2.027777778,4.722222222,1.027777778,2.583333333,3.944444444,0.222222222,2.305555556,4.555555556,4.222222222,3.694444444,0.305555556,2.75,6.694444444,4.305555556,0.888888889,0.305555556,3.361111111,5.638888889,5.444444444,2.25,0.405555556,2.605555556,5.111111111,4.657407407,2.277777778,-3.52615943330366E-009,2.089430576,19.2083754158,0.2285324227,-1.3829887231,-3.1321622423,-2.700679269,-0.3733386043
ln30-3,1.194444444,2.527777778,5.333333333,2.111111111,3,4.138888889,1.222222222,3.583333333,5.25,3.361111111,0.527777778,0.472222222,3.388888889,7.972222222,2.083333333,0.277777778,0.138888889,3.888888889,6.777777778,4.666666667,0.166666667,1.027777778,3.277777778,5.894444444,3.37037037,0.324074074,-3.4666543496962E-009,3.065698074,16.7616281187,-0.098329556,-1.4918603029,-3.0671111496,-0.6575658232,2.1648899829
ln31-4,0.694444444,2.166666667,5.472222222,0.861111111,2.833333333,5.388888889,0.777777778,3.055555556,5.722222222,4.277777778,0.166666667,0.583333333,3.305555556,7.333333333,4.333333333,0.333333333,0.777777778,4.277777778,7.166666667,4.694444444,0.277777778,0.738888889,3.127777778,6.216666667,4.435185185,0.259259259,-0.0780533718,4.180295442,0.5332007984,0.6270756373,-0.2494393539,0.08692684,0.08528104,-0.2508541825
ln32-5,0,1.972222222,4.416666667,2.25,2.583333333,4.694444444,0.944444444,2.277777778,5.361111111,3.777777778,0.166666667,0.694444444,2.805555556,7.361111111,3.527777778,0.277777778,0.75,4.666666667,6.166666667,5.222222222,0.138888889,0.927777778,2.861111111,5.6,4.175925926,0.194444444,-3.49917543046543E-009,2.5367791886,19.8452068076,-0.158276833,-1.3797826032,-3.2254431979,-1.8549345509,2.0179418248
ln33-6,0.277777778,2.277777778,4.777777778,1.833333333,3.388888889,5.5,0.722222222,3.083333333,6.111111111,2.972222222,0.361111111,0.777777778,4.527777778,7.527777778,1.916666667,0.277777778,0.166666667,3.583333333,7.416666667,1.694444444,0.138888889,0.755555556,3.372222222,6.266666667,2.194444444,0.259259259,-3.51705262593656E-009,2.2420903849,24.5871754126,-0.0752435758,-2.0612335206,-4.1514621947,-0.1103948458,1.7567028247
ln34-7,0.777777778,2.305555556,3.694444444,1.75,2.527777778,4.833333333,1.666666667,2.694444444,4.972222222,4.583333333,0.944444444,1.166666667,3.277777778,6.027777778,5.083333333,0.194444444,1.305555556,3.694444444,5.583333333,6.111111111,0.638888889,1.333333333,2.9,5.022222222,5.259259259,0.592592593,-6.88432111926424E-007,3.1502265299,15.7068638551,-0.3783384944,-1.065538333,-2.1240971621,-2.4882967383,1.9300110072
ln35-8,0.777777778,2.361111111,4.138888889,1.944444444,2.777777778,4.722222222,1.111111111,3.277777778,5.222222222,5.972222222,0.305555556,1.138888889,3.75,6.222222222,4.333333333,0.583333333,1.25,4.083333333,5.861111111,4.583333333,0.361111111,1.244444444,3.25,5.233333333,4.962962963,0.416666667,-3.44456075150196E-009,3.4199523757,14.9591970363,-0.2079633829,-1.2608978857,-2.1123876468,-2.0156084846,2.1911699286
ln36-9,0.722222222,1.916666667,4.222222222,1.944444444,2.527777778,3.222222222,0.444444444,2.694444444,4.305555556,4.25,2.055555556,0.944444444,3.666666667,5.638888889,5.305555556,1.277777778,0.777777778,4.027777778,6.472222222,6.472222222,2.277777778,0.966666667,2.966666667,4.772222222,5.342592593,1.87037037,-3.51487121260824E-009,2.2782073201,20.0936150392,-0.2754208828,-1.6347766524,-2.6249691729,-3.2288605419,0.171055886
ln37-0,0.527777778,2.083333333,4.666666667,1.194444444,2.638888889,4.027777778,1.194444444,2.777777778,5.444444444,5.138888889,1.027777778,0.388888889,2.75,5.888888889,4.75,1.083333333,1.277777778,3.416666667,5.944444444,5,0.305555556,0.916666667,2.733333333,5.194444444,4.962962963,0.805555556,-3.51261095571962E-009,2.3155816399,20.571847554,-0.2141072624,-1.3798215604,-3.0141034206,-2.818698233,1.2618315803
ln38-1,0.833333333,2.138888889,4.583333333,1.305555556,2.194444444,2.527777778,1.138888889,2.861111111,4.472222222,4.611111111,1.583333333,1.222222222,3.444444444,4.944444444,4.333333333,1.277777778,0.472222222,3.777777778,5.833333333,5.527777778,3.611111111,0.994444444,2.883333333,4.472222222,4.824074074,2.157407407,-3.50892950638604E-009,2.3763539828,14.2408603761,-0.2734903937,-1.4946792732,-2.2382455611,-2.6305673324,-0.0486782118
ln39-2,1.388888889,2.305555556,6.138888889,2.527777778,3.333333333,4.611111111,0.5,3.25,5.527777778,3.777777778,0.361111111,0.638888889,3.527777778,7.194444444,3.361111111,0.138888889,0.166666667,4.111111111,5.75,6.444444444,0.333333333,1.044444444,3.305555556,5.844444444,4.527777778,0.277777778,-0.000000254,9.4577980279,13.0652009351,1.8045839363,2.0463077123,0.772264277,-2.2362191706,-0.1556733949
ln40-4,0.611111111,2.472222222,5.638888889,1.583333333,3.25,5.277777778,1.361111111,3.361111111,5.416666667,4.444444444,0.277777778,0.583333333,3.555555556,6.666666667,3.388888889,0.527777778,0.25,4,7.055555556,5.638888889,0.388888889,0.877777778,3.327777778,6.011111111,4.490740741,0.398148148,-3.51652057868602E-009,2.2509035753,27.5968478061,-0.1947976772,-2.0116881428,-3.8880795346,-2.3994321887,1.6240613262
ln41-5,0.833333333,2.766666667,5,2.611111111,3.25,4.638888889,2.222222222,3.833333333,5.305555556,3.916666667,0.194444444,1.361111111,4.222222222,7.861111111,4.583333333,0.416666667,1.916666667,5.888888889,7.916666667,2.5,0.055555556,1.788888889,3.992222222,6.144444444,3.666666667,0.222222222,-6.26853694592284E-008,3.9987552611,15.8217356341,-0.5776949188,-1.6725570244,-2.5614981485,-0.392536587,2.4444221153
ln42-6,1.566666667,2.566666667,4.566666667,2.277777778,3.055555556,5.583333333,1.027777778,3.138888889,5.833333333,4.361111111,0.138888889,1.666666667,4,8.138888889,2,0.305555556,1.277777778,4.833333333,7.777777778,4.25,0.916666667,1.563333333,3.518888889,6.38,3.537037037,0.453703704,-0.00000002,11.5099322501,18.3855258885,1.8967247533,2.9332314672,0.6726452316,-2.3532304354,-0.4404193107
ln43-7,0.416666667,1.611111111,4.333333333,0.5,2.416666667,4.305555556,0.222222222,2.472222222,5.194444444,5.055555556,0.861111111,0.222222222,2.861111111,7.111111111,5.944444444,0.944444444,0.194444444,2.555555556,6.75,4.75,0.805555556,0.311111111,2.383333333,5.538888889,5.25,0.87037037,-3.55582401459602E-009,2.2355521836,24.4134956881,0.3672214521,-1.0761291018,-3.4294938493,-3.1713421569,1.1409430797
ln44-8,0.766666667,3.533333333,4.4,1.916666667,3.361111111,4.694444444,1.833333333,3.25,5.472222222,3.361111111,0.5,2.75,3.583333333,8.166666667,3.388888889,0.194444444,0.777777778,5.388888889,7.027777778,4.777777778,0.694444444,1.608888889,3.823333333,5.952222222,3.842592593,0.462962963,-0.000000134,9.956424581,9.3726312153,1.3888403888,1.7978430705,0.8068594476,-1.8462828715,-0.3895269872
ln45-9,1.444444444,2.305555556,4.194444444,1.888888889,2.916666667,4.777777778,0.472222222,3.25,5.944444444,4.555555556,0.416666667,0.583333333,2.944444444,6.138888889,5,0.305555556,1.666666667,4.555555556,6.666666667,5.666666667,0.222222222,1.211111111,3.194444444,5.544444444,5.074074074,0.314814815,-7.18638370227646E-007,2.2395200789,27.4514658643,-0.5315768112,-1.8849414672,-3.4315150917,-2.9921336179,1.6993316955
ln46-0,0.333333333,2.083333333,3.916666667,0.75,2.055555556,4.277777778,0.194444444,2.333333333,4.333333333,3.805555556,2.694444444,0.75,3,7.083333333,4.222222222,1.333333333,0,2.472222222,6.083333333,4.5,0.972222222,0.405555556,2.388888889,5.138888889,4.175925926,1.666666667,-3.52344541314959E-009,2.1343331607,15.9238776317,0.2421299898,-1.1403013715,-3.1197304758,-2.1814425841,0.2712074714
ln47-1,1.194444444,2.638888889,4.361111111,1.027777778,2.833333333,4.694444444,1.944444444,3.388888889,5.333333333,4,0.222222222,1.111111111,3.888888889,7,4.138888889,0.138888889,1.138888889,5.527777778,7.75,4.611111111,0.055555556,1.283333333,3.655555556,5.827777778,4.25,0.138888889,-3.41576195122076E-009,3.8756953299,14.9509458563,-0.109268287,-1.4060253878,-2.3411573927,-1.0390163109,2.5301237272
ln48-2,0.766666667,2.066666667,3.433333333,1.166666667,1.694444444,3.194444444,0.472222222,2.361111111,4.083333333,3.583333333,2.833333333,1.166666667,3.166666667,6.222222222,6.805555556,2.583333333,1.055555556,3.555555556,6,4.722222222,2.138888889,0.925555556,2.568888889,4.586666667,5.037037037,2.518518519,-0.0624354714,3.2607159908,0.2838846711,0.1246684533,-0.3920312117,-0.0781309261,-0.277271231,-0.1779612311
ln49-3,0.138888889,1.972222222,3.805555556,0.611111111,2.222222222,3.666666667,0.861111111,2.944444444,4.361111111,3.638888889,2.166666667,0.166666667,2.555555556,7.805555556,5.833333333,2.361111111,0.305555556,3.444444444,6.888888889,6.277777778,3.388888889,0.416666667,2.627777778,5.305555556,5.25,2.638888889,-0.0657364264,3.1979757489,1.5276256377,0.6167669504,-0.4761265341,-0.7592523521,-0.3867544471,-0.4410040291
ln50-5,0.777777778,2.527777778,5,2.361111111,3.25,5.638888889,1.388888889,3.5,5.833333333,3.305555556,0.472222222,1.416666667,3.722222222,5.5,2.777777778,0.472222222,1.861111111,4.444444444,6.638888889,5.666666667,0.194444444,1.561111111,3.488888889,5.722222222,3.916666667,0.37962963,-0.0369186753,5.5591677414,0.071958603,0.1811324805,-0.0214352209,0.1230453743,0.1273728185,0.0855929891
ln51-6,0.638888889,1.527777778,4.305555556,1.194444444,2.694444444,3.805555556,0.388888889,2.138888889,4.527777778,4.5,3.972222222,0.194444444,2.222222222,6.305555556,5.888888889,1.25,0,1.027777778,4.805555556,4.861111111,3.611111111,0.483333333,1.922222222,4.75,5.083333333,2.944444444,-3.3552881852139E-008,4.6840358111,4.4377150396,0.934450882,0.7865547292,-0.6503505663,-1.5266817032,-0.438332482
ln52-7,0.916666667,2.5,4.833333333,1.222222222,2.555555556,3.888888889,0.833333333,2.472222222,3.694444444,3.777777778,2,0.888888889,3,5.805555556,6.916666667,1.666666667,0.861111111,3.611111111,6.722222222,7.055555556,2.388888889,0.944444444,2.827777778,4.988888889,5.916666667,2.018518519,-0.0740503904,3.072382395,1.3316804796,0.0567043772,-0.7198199945,-0.3002192022,-0.7537419442,-0.3899561269
ln53-8,0.222222222,1.916666667,3.222222222,0.361111111,1.972222222,3.722222222,0.277777778,2.277777778,4.444444444,3.944444444,2.555555556,0.277777778,3.472222222,6.75,2.027777778,0.083333333,0.138888889,1.944444444,6.694444444,6.472222222,0.916666667,0.255555556,2.316666667,4.966666667,4.148148148,1.185185185,-3.49856859750869E-009,2.543659805,12.02820415,0.5160272088,-0.8313663874,-2.5861133934,-1.8217727967,1.0314608054
ln54-9,0.055555556,1.944444444,4.277777778,1.444444444,2.527777778,3.972222222,1.055555556,3.027777778,5.444444444,3.472222222,0.388888889,1.583333333,3.916666667,7.166666667,3.444444444,0.083333333,1.333333333,4.805555556,7.944444444,5.611111111,0.472222222,1.094444444,3.244444444,5.761111111,4.175925926,0.314814815,-3.44220754749684E-009,3.0264762079,17.903005406,-0.1768512364,-1.481063329,-2.9667717122,-1.4905450022,2.1574803976
ln55-0,0.25,2.166666667,5,1.055555556,2.138888889,3.722222222,0.722222222,2.388888889,4.611111111,4.277777778,2.833333333,0.027777778,1.944444444,4.972222222,5.916666667,2.527777778,0,0.638888889,4.638888889,3.638888889,2.444444444,0.411111111,1.855555556,4.588888889,4.611111111,2.601851852,-3.55981095117528E-009,2.0931169363,14.754527833,0.2240932313,-0.6308521074,-2.6066348295,-2.6512740091,-0.6946485943
ln56-1,0.833333333,2.416666667,5.138888889,1.777777778,2.972222222,4.777777778,1.25,2.944444444,4.666666667,5.194444444,0.416666667,1.694444444,4.277777778,8,3.972222222,0.166666667,0.916666667,4.611111111,6.527777778,5.777777778,0.861111111,1.294444444,3.444444444,5.822222222,4.981481481,0.481481481,-3.45219571107E-009,3.2979889988,19.0992861022,-0.2948042497,-1.5252209517,-2.8014591178,-2.1121253803,2.0920876642
ln57-2,0.5,2.527777778,4.138888889,0.583333333,2.083333333,4.111111111,0.583333333,2.5,5.388888889,5.138888889,0.972222222,0.388888889,3.25,7.138888889,6.25,1.583333333,0.027777778,3.833333333,7.138888889,6.194444444,2.5,0.416666667,2.838888889,5.583333333,5.861111111,1.685185185,-0.0735950249,3.2231255322,1.9474371675,0.6329639036,-0.6314746245,-0.7079029741,-0.6455458241,-0.4797683099
ln58-3,0.277777778,1.805555556,4.25,1.5,2.388888889,3.416666667,0.833333333,2.722222222,4.583333333,4.111111111,2.055555556,0.555555556,2.638888889,5.416666667,5.611111111,1.25,0.722222222,3.638888889,5.944444444,5.444444444,0.888888889,0.777777778,2.638888889,4.722222222,5.055555556,1.398148148,-3.52642324118173E-009,2.0863783937,19.4451846002,-0.144614117,-1.418091156,-2.7460104952,-3.1014027957,0.5039998904
ln59-4,0.833333333,2.444444444,3.527777778,1.25,1.75,2.666666667,0.333333333,2.194444444,4.194444444,3.972222222,2.638888889,0.472222222,2.305555556,4.972222222,5.555555556,2.222222222,0.083333333,2.222222222,6,5.333333333,3.111111111,0.594444444,2.183333333,4.272222222,4.953703704,2.657407407,-0.0732094068,2.8205350337,0.1703740609,0.3241198129,-0.2494434864,0.0367279239,-0.0392559634,-0.0144355048
ln60-6,1.138888889,2.833333333,5.083333333,1.25,2.305555556,3.888888889,1.25,3.638888889,5.5,4.444444444,0.166666667,1.833333333,4.027777778,7.666666667,2.805555556,0.305555556,0.722222222,4.638888889,7.388888889,4.166666667,0.222222222,1.238888889,3.488888889,5.905555556,3.805555556,0.231481481,-3.41462685746731E-009,3.893520117,13.582904403,-0.0594452926,-1.2291950573,-2.4049181038,-0.585204913,2.437694463
ln61-7,1.055555556,2.805555556,4.75,1.444444444,3.25,5.361111111,1.388888889,3.361111111,5.972222222,2,0.277777778,1.194444444,5.166666667,7.972222222,3.472222222,0.055555556,1.194444444,4.916666667,7.333333333,3.083333333,0.305555556,1.255555556,3.9,6.277777778,2.851851852,0.212962963,-3.36917827547959E-009,4.5987256657,12.4439673667,0.1365258592,-1.2395300754,-2.2405858273,0.6763240098,2.3262102727
ln62-8,1.75,2.277777778,3.555555556,1.75,2.75,4.333333333,1.583333333,2.888888889,5.333333333,4.638888889,0.361111111,1.333333333,4.055555556,7.361111111,6.25,0.222222222,1.083333333,4.305555556,7.25,7.111111111,0.333333333,1.5,3.255555556,5.566666667,6,0.305555556,-2.62621071889492E-007,9.3493722911,20.2218200659,1.3166736525,2.0375774838,1.0159568518,-3.6435606938,-0.1696045472
ln63-9,0.75,1.777777778,3.5,1.111111111,2.944444444,3.472222222,0.777777778,2.25,4.666666667,4,1.25,0.611111111,3.444444444,5.694444444,6.194444444,2.472222222,0.138888889,3.611111111,6.388888889,6.388888889,3.25,0.677777778,2.805555556,4.744444444,5.527777778,2.324074074,-0.0705186858,3.0817474007,0.9948191863,0.3229203932,-0.7082375425,-0.1760462933,-0.5244128254,-0.2879931953
ln64-0,0.472222222,1.944444444,3.805555556,0.972222222,2.111111111,3.5,0.416666667,2.305555556,5.055555556,5.527777778,1.166666667,0.083333333,1.027777778,2.222222222,2,0.472222222,0.388888889,2.944444444,5.666666667,6,1.805555556,0.466666667,2.066666667,4.05,4.509259259,1.148148148,-3.52475418761323E-009,2.1126835443,11.9381448803,0.174463015,-0.8306236031,-2.0502148271,-2.5329482775,0.7736692789
ln65-1,0.194444444,1.555555556,1.861111111,0.111111111,1.444444444,2.333333333,0.083333333,0.916666667,2.027777778,1.055555556,0.222222222,0.083333333,0.944444444,2,0.666666667,0.055555556,0,1.083333333,2.888888889,0.833333333,0.138888889,0.094444444,1.188888889,2.222222222,0.851851852,0.138888889,3.34484068531282E-013,2.0000000303,4.3079751556,0.5125581766,-0.0181779593,-0.3236807557,1.0289494841,1.697475349
ln66-2,0.333333333,2.805555556,5.111111111,1.25,3.166666667,5.416666667,1.555555556,3.944444444,6.666666667,2.055555556,0.388888889,1.055555556,4.583333333,8.361111111,1.972222222,0.333333333,0.472222222,4.194444444,7.972222222,6.527777778,0.222222222,0.933333333,3.738888889,6.705555556,3.518518519,0.314814815,-0.0694332736,5.0068895003,0.7135694206,0.6874739746,-0.3723224667,0.064226947,0.0240380576,-0.3124452061
ln67-3,1.444444444,3.388888889,5.416666667,0.861111111,3.111111111,5.083333333,1.194444444,3.583333333,6.527777778,3.138888889,0.222222222,0.638888889,4.138888889,8.805555556,2.138888889,0.611111111,0.25,4.944444444,8.388888889,3.444444444,0.388888889,0.877777778,3.833333333,6.844444444,2.907407407,0.407407407,-4.6385875188842E-009,2.3456004758,30.968462558,-0.1661319544,-2.4624604036,-4.6375838653,-0.7387559232,1.6805377326
ln68-4,0.083333333,1.472222222,3.527777778,0.861111111,3.222222222,5.583333333,0.805555556,3.416666667,6.972222222,2.555555556,0.416666667,0.472222222,4,7.972222222,3.333333333,0.222222222,0.25,4.138888889,7.638888889,4.972222222,0.277777778,0.494444444,3.25,6.338888889,3.62037037,0.305555556,-0.0875040246,4.1559009713,1.2160430226,0.8763410732,-0.3253684902,0.4397450542,0.2356159376,-0.3054735813
ln69-5,0.694444444,1.722222222,4.472222222,0.694444444,2.111111111,3.638888889,0.694444444,2.194444444,4.055555556,3.694444444,2.083333333,0.305555556,3.083333333,6.666666667,8.222222222,2.083333333,0.277777778,2.944444444,6.472222222,5.861111111,3.361111111,0.533333333,2.411111111,5.061111111,5.925925926,2.509259259,-3.91609363572401E-008,2.790113,18.4623022868,0.3127980778,-0.7837117805,-2.4675980991,-3.4115131114,-0.1509748534
ln70-7,0.611111111,2.388888889,4.722222222,0.666666667,2.583333333,4.027777778,0.333333333,2.694444444,5.805555556,5.277777778,2.972222222,0.555555556,3.888888889,7.138888889,9,2.111111111,0.027777778,2.944444444,6.75,6.833333333,3.666666667,0.438888889,2.9,5.688888889,7.037037037,2.916666667,-0.0881524821,2.4949175338,6.6666569832,0.3860208716,-1.126591679,-1.3168528867,-1.6177499453,-0.9472167902
ln71-8,0.833333333,2.472222222,4.694444444,1.472222222,2.805555556,5.194444444,1.361111111,3.722222222,6.444444444,4.861111111,0.138888889,0.361111111,4.027777778,7.694444444,1.777777778,0.277777778,0.25,4.416666667,8.694444444,6.083333333,0.083333333,0.855555556,3.488888889,6.544444444,4.240740741,0.166666667,-0.074127463,4.5017942356,0.5863897853,0.6092774704,-0.4217800642,-0.0668527485,-0.0833692699,-0.1607874426
ln72-9,0.527777778,2.083333333,4.388888889,0.694444444,2.777777778,5.111111111,0.916666667,2.694444444,5.194444444,5.166666667,2.805555556,0.916666667,3.944444444,7.277777778,6.944444444,0.972222222,0.583333333,3.972222222,7.333333333,6.777777778,3.083333333,0.727777778,3.094444444,5.861111111,6.296296296,2.287037037,-0.0709215952,3.2345628611,4.0988315817,0.3227908355,-0.8927856353,-1.0751699114,-1.1866154352,-0.7959427983
ln73-0,0.777777778,1.916666667,4.25,0.861111111,2.305555556,3.305555556,,,,,,0.305555556,2.805555556,6.25,6.333333333,1.5,0.361111111,3.611111111,5.972222222,5.444444444,1.694444444,0.576388889,2.659722222,4.944444444,5.888888889,1.597222222,-0.0807569688,2.9047908869,0.9279239227,0.3766126737,-0.6341615136,-0.2301937303,-0.5073738187,-0.2711247794
ln74-1,1.388888889,2.444444444,4.222222222,2.472222222,2.888888889,4.361111111,,,,,,1.666666667,4.25,8.055555556,3.25,0.194444444,0.638888889,4.166666667,7.111111111,6,0.666666667,1.541666667,3.4375,5.9375,4.625,0.430555556,-3.37288471505941E-009,4.5418303511,10.2339590721,-0.166729472,-0.8092681103,-1.9422626289,-1.1169068679,2.1287039272
ln75-2,1.416666667,2.916666667,4.75,1.555555556,3.083333333,4.861111111,0.722222222,3.027777778,5.277777778,5.222222222,0.222222222,1.555555556,4.694444444,8.194444444,3.388888889,0.166666667,0.722222222,4.416666667,7.138888889,6.555555556,0.25,1.194444444,3.627777778,6.044444444,5.055555556,0.212962963,-3.47323514823203E-009,2.9593935043,25.4593061166,-0.2971295032,-1.9029601791,-3.3067559185,-2.4177157303,2.2293000414
ln76-3,0.194444444,1.777777778,3.277777778,0.083333333,1.694444444,2.805555556,0.361111111,2.75,4.027777778,3.944444444,2.388888889,0,1.388888889,5.777777778,6.888888889,1.472222222,0,0.472222222,5.416666667,4.25,0.861111111,0.127777778,1.616666667,4.261111111,5.027777778,1.574074074,-3.10426021239091E-007,6.6654583979,11.7646186151,1.885740392,2.2034517656,1.126875961,-1.3906675603,-0.3867769528
ln77-4,0.916666667,2.305555556,4.805555556,0.361111111,2.694444444,4.638888889,0.5,2.833333333,5.25,5.027777778,2.527777778,0.361111111,3.166666667,6.25,6.027777778,1.305555556,0,2.805555556,6.888888889,5.722222222,2.861111111,0.427777778,2.761111111,5.566666667,5.592592593,2.231481481,-0.0682112274,3.2625454256,2.0181567805,0.6290220302,-0.5543612739,-0.8473415731,-0.5838680425,-0.506243036
ln78-5,0.277777778,1.527777778,4.138888889,0.111111111,1.916666667,4.472222222,0,1.333333333,5.5,5.277777778,4.583333333,0,1.222222222,6.305555556,7.055555556,2.694444444,0,1.333333333,7.222222222,6.638888889,4.138888889,0.077777778,1.466666667,5.527777778,6.324074074,3.805555556,-3.51602992151555E-009,2.2568128021,32.9873145081,0.606991266,-0.1471570943,-3.3995005516,-4.2279041359,-1.7791693338
ln79-6,0.527777778,2.555555556,4.972222222,1.25,2.555555556,3.638888889,0.444444444,2.888888889,5.555555556,5.694444444,3,0.333333333,4,7.333333333,9.25,3.555555556,0.083333333,2.638888889,5.666666667,5.916666667,3.388888889,0.527777778,2.927777778,5.433333333,6.953703704,3.314814815,-0.0893729815,2.3793641724,6.5093886237,0.2599763287,-1.2307066894,-1.204760234,-1.6121281754,-0.9363532996
ln80-8,0.75,1.833333333,4.722222222,0.694444444,1.972222222,2.777777778,0.194444444,2.027777778,3.972222222,3.305555556,2.138888889,0.527777778,3.75,6.833333333,8.444444444,1.583333333,0.222222222,3.638888889,6.5,6.916666667,3.361111111,0.477777778,2.644444444,4.961111111,6.222222222,2.361111111,-0.0856404999,2.5938663998,2.0088198276,0.3776239079,-0.8123199987,-0.5279572046,-0.8422751592,-0.4671081007
ln81-9,1.5,2.027777778,4.333333333,1.833333333,2.916666667,3.833333333,1,2.694444444,4.416666667,4.444444444,1.333333333,1.138888889,4.055555556,6.916666667,5.5,0.138888889,0.861111111,3.75,6.472222222,4.833333333,0.333333333,1.266666667,3.088888889,5.194444444,4.925925926,0.601851852,-3.44214204130796E-009,3.4584894717,13.2608849606,-0.2185467781,-1.077723228,-2.0420442214,-1.9545528989,2.0152948354
ln82-0,0.888888889,2.666666667,4.972222222,1.027777778,2.805555556,5.361111111,0.75,3,6.194444444,3.222222222,0.111111111,0.527777778,4.138888889,8.305555556,5.055555556,0.277777778,0.25,3.638888889,7.833333333,3.861111111,0.5,0.688888889,3.25,6.533333333,4.046296296,0.296296296,-0.0847418085,4.1635030327,0.6782951713,0.6806408283,-0.3386974028,0.1015547503,0.049480998,-0.2958810014
ln83-1,2.1,3.066666667,5.766666667,2.305555556,3.194444444,4.444444444,1.972222222,3.472222222,5.888888889,3.277777778,0.083333333,1.472222222,4.527777778,8.25,3.333333333,0.055555556,0.277777778,3.666666667,6.222222222,4.5,0.111111111,1.625555556,3.585555556,6.114444444,3.703703704,0.083333333,-2.54426834401578E-007,11.4282608855,18.2791872317,1.8102338087,2.8231887813,0.9283399434,-2.4830032896,-0.0687423335
ln84-2,1.5,2.944444444,4.944444444,1.5,3.555555556,4.555555556,1.083333333,3.583333333,6.527777778,3.5,0.305555556,1.194444444,4.916666667,8.888888889,2.638888889,0.194444444,0.638888889,4.694444444,8.25,3.583333333,0.277777778,1.183333333,3.938888889,6.633333333,3.240740741,0.259259259,-3.4412034752844E-009,3.4734306109,21.3760227117,-0.1307012207,-1.9191711061,-3.4687640173,-0.2601379842,2.3612976495
ln85-3,1.361111111,3.055555556,5.194444444,2.111111111,3.277777778,4.972222222,1.138888889,3.333333333,5.888888889,3.361111111,0.166666667,1.5,4.833333333,9,2.861111111,0.583333333,1.166666667,4.694444444,7.916666667,2.25,0.777777778,1.455555556,3.838888889,6.594444444,2.824074074,0.509259259,-3.32804790273479E-008,13.8710007117,28.3960793853,2.7043854081,3.8527155496,0.4929696077,-2.3952826651,-0.5084916558
ln86-4,2.388888889,3,5.277777778,2.361111111,2.916666667,4.638888889,1.694444444,3.166666667,5.583333333,4.416666667,0.722222222,0.972222222,3.777777778,7.583333333,5.305555556,0.138888889,0.5,4.027777778,7.333333333,4.527777778,0.055555556,1.583333333,3.377777778,6.083333333,4.75,0.305555556,-3.36571805326163E-009,4.6517435368,10.8810401293,-0.1752778532,-0.6872820399,-2.0072623813,-1.2038952803,2.2134803111
ln87-5,0.305555556,2.222222222,5.388888889,0.694444444,2.222222222,3.694444444,0.083333333,1.083333333,2.5,2.583333333,2.166666667,0.111111111,1.805555556,5.111111111,4.472222222,1.5,0,0.888888889,5.194444444,4.555555556,2.027777778,0.238888889,1.644444444,4.377777778,3.87037037,1.898148148,-3.49289483758788E-009,2.6363601695,6.3066983901,0.5607387653,-0.105657977,-1.9167038446,-1.4721548678,0.3743170268
ln88-6,2.694444444,2.722222222,5.194444444,2.055555556,3.111111111,3.888888889,1.361111111,2.722222222,4.694444444,3.083333333,0.333333333,1.5,4.166666667,8.111111111,3.444444444,0.194444444,0.722222222,4.194444444,7.055555556,6.027777778,0.138888889,1.666666667,3.383333333,5.788888889,4.185185185,0.222222222,-3.48129876501766E-008,2.86239313,20.7357909231,-0.7986785468,-1.7143194965,-3.1336028555,-1.617476702,2.173318759
ln89-7,0.555555556,2.166666667,4.055555556,1,2.75,4.277777778,0.638888889,2.777777778,4.444444444,3.722222222,2.277777778,1.472222222,3.944444444,7,4.611111111,1.083333333,0.111111111,3.027777778,6.166666667,6.222222222,2.166666667,0.755555556,2.933333333,5.188888889,4.851851852,1.842592593,-0.052404422,3.9158721702,0.5477836811,0.4924817838,-0.385562745,-0.2812870336,-0.1916243522,-0.2018525596
ln90-9,0.75,2.694444444,5.472222222,0.972222222,3.388888889,5.944444444,0.694444444,3.583333333,7.305555556,2.194444444,0.416666667,0.527777778,4.055555556,9.055555556,1.833333333,0.638888889,0.555555556,3.944444444,8,2.777777778,0.388888889,0.7,3.533333333,7.155555556,2.268518519,0.481481481,-0.0935650394,4.4132440431,1.0764568597,0.764044737,-0.3880047038,0.3057450783,0.1297704895,-0.481481481
ln91-0,0.611111111,2.277777778,5.138888889,1.694444444,3.222222222,5.277777778,1.805555556,4.027777778,6,2.861111111,0.277777778,0.75,4.305555556,9.166666667,4.472222222,0.333333333,0.5,4.444444444,8,4.361111111,1.277777778,1.072222222,3.655555556,6.716666667,3.898148148,0.62962963,-4.05933433838298E-009,2.6393079559,27.5832902263,-0.2717028514,-2.1150690157,-4.2530404655,-1.4976697531,1.6445616301
ln92-1,0.861111111,2.666666667,3.166666667,0.305555556,2.861111111,4.805555556,0.25,2.861111111,7.111111111,3.416666667,0.333333333,0.055555556,3.694444444,8.777777778,3.138888889,0.25,0.055555556,3.277777778,8.111111111,5.138888889,0.444444444,0.305555556,3.072222222,6.394444444,3.898148148,0.342592593,-4.34825781559404E-009,2.365569736,26.4431451689,0.4121344701,-1.6898028547,-4.1699704372,-1.7133424353,1.7588805849
ln93-2,0.222222222,1.472222222,2.944444444,0.416666667,1.833333333,3.027777778,0,1.666666667,4.416666667,3.916666667,2.361111111,0.25,2.916666667,7.722222222,8.638888889,1.444444444,0,1.805555556,6.527777778,6.916666667,3.25,0.177777778,1.938888889,4.927777778,6.490740741,2.351851852,-2.67846220477022E-009,2.255834155,27.9088449239,0.506694994,-0.6199456935,-2.8003691778,-4.3953756067,-0.3261566935
ln94-3,1.194444444,2.916666667,5.111111111,1.694444444,2.916666667,5.277777778,1.416666667,3.333333333,5.916666667,4.25,0.166666667,2.027777778,5.361111111,10.88888889,1.5,0,0.944444444,5,7.138888889,3.638888889,0.777777778,1.455555556,3.905555556,6.866666667,3.12962963,0.314814815,-3.35584142154259E-009,4.802555618,13.2579211711,-0.0020703491,-1.1297299039,-2.6811535724,0.4632793315,2.1397231156
N2,0.180555556,1.722222222,4.833333333,0.583333333,3.208333333,5.638888889,0.583333333,3.513888889,7.319444444,2.888888889,0.458333333,0.25,3.861111111,9.138888889,1.152777778,0.25,0.111111111,3.888888889,8.125,3.777777778,0.097222222,0.344444444,3.243055556,6.963888889,2.606481481,0.268518519,-0.1058922858,3.7456665124,1.2980075203,0.9143782382,-0.4861415114,0.3657932364,0.1402836482,-0.268518519
LSJ2,0.208333333,1.763888889,4.361111111,0.694444444,2.263888889,3.194444444,0.319444444,2.430555556,4.777777778,4.25,3.180555556,0.125,2.805555556,8.736111111,9.527777778,2.555555556,0,2.444444444,7.180555556,6.402777778,3.916666667,0.284722222,2.486111111,5.972222222,6.726851852,3.217592593,-3.52618029236981E-009,2.0890853678,42.1496485287,0.3492612147,-1.2637443645,-3.9935829045,-4.7704149373,-1.3134124349
