Week1-0to14,1.027777778,0.138888889,0.861111111,0.944444444,0.444444444,0.4,0.222222222,0.111111111,0.416666667,0.138888889,0.333333333,0.194444444,0.833333333,0.083333333,0.444444444,0.305555556,0.416666667,1.5,0.361111111,0.916666667,1.444444444,0.805555556,2.166666667,0.638888889,0.638888889,0.111111111,0.666666667,1.027777778,0.166666667,1.194444444,0.694444444,0,0.277777778,0.777777778,0.777777778,0.722222222,0.527777778,0.833333333,1.388888889,0.611111111,0.833333333,1.566666667,0.416666667,0.766666667,1.444444444,0.333333333,1.194444444,0.766666667,0.138888889,0.777777778,0.638888889,0.916666667,0.222222222,0.055555556,0.25,0.833333333,0.5,0.277777778,0.833333333,1.138888889,1.055555556,1.75,0.75,0.472222222,0.194444444,0.333333333,1.444444444,0.083333333,0.694444444,0.611111111,0.833333333,0.527777778,0.777777778,1.388888889,1.416666667,0.194444444,0.916666667,0.277777778,0.527777778,0.75,1.5,0.888888889,2.1,1.5,1.361111111,2.388888889,0.305555556,2.694444444,0.555555556,0.75,0.611111111,0.861111111,0.222222222,1.194444444,0.180555556,0.208333333
Week1-14to20,2.194444444,1.916666667,3.277777778,2.527777778,2.305555556,2.2,1.777777778,1.388888889,1.944444444,1.222222222,1.694444444,1.444444444,2,1.638888889,1.777777778,2.416666667,2.25,2.527777778,2.055555556,2.75,2.444444444,1.972222222,3.055555556,1.916666667,2.166666667,1.777777778,2.277777778,2.361111111,2.027777778,2.527777778,2.166666667,1.972222222,2.277777778,2.305555556,2.361111111,1.916666667,2.083333333,2.138888889,2.305555556,2.472222222,2.766666667,2.566666667,1.611111111,3.533333333,2.305555556,2.083333333,2.638888889,2.066666667,1.972222222,2.527777778,1.527777778,2.5,1.916666667,1.944444444,2.166666667,2.416666667,2.527777778,1.805555556,2.444444444,2.833333333,2.805555556,2.277777778,1.777777778,1.944444444,1.555555556,2.805555556,3.388888889,1.472222222,1.722222222,2.388888889,2.472222222,2.083333333,1.916666667,2.444444444,2.916666667,1.777777778,2.305555556,1.527777778,2.555555556,1.833333333,2.027777778,2.666666667,3.066666667,2.944444444,3.055555556,3,2.222222222,2.722222222,2.166666667,2.694444444,2.277777778,2.666666667,1.472222222,2.916666667,1.722222222,1.763888889
Week1-36to42,5.416666667,4.583333333,5.388888889,4.361111111,5.166666667,4.733333333,4.305555556,2.527777778,4,2.055555556,3.527777778,5.083333333,4.5,4.25,5.027777778,5.166666667,3.055555556,5.083333333,3.75,3.666666667,4.138888889,4.361111111,4.861111111,3.527777778,3.611111111,3.305555556,4,5.194444444,4.722222222,5.333333333,5.472222222,4.416666667,4.777777778,3.694444444,4.138888889,4.222222222,4.666666667,4.583333333,6.138888889,5.638888889,5,4.566666667,4.333333333,4.4,4.194444444,3.916666667,4.361111111,3.433333333,3.805555556,5,4.305555556,4.833333333,3.222222222,4.277777778,5,5.138888889,4.138888889,4.25,3.527777778,5.083333333,4.75,3.555555556,3.5,3.805555556,1.861111111,5.111111111,5.416666667,3.527777778,4.472222222,4.722222222,4.694444444,4.388888889,4.25,4.222222222,4.75,3.277777778,4.805555556,4.138888889,4.972222222,4.722222222,4.333333333,4.972222222,5.766666667,4.944444444,5.194444444,5.277777778,5.388888889,5.194444444,4.055555556,5.472222222,5.138888889,3.166666667,2.944444444,5.111111111,4.833333333,4.361111111
Week2-0to14,0.611111111,1.166666667,1.916666667,2.166666667,1.527777778,1.305555556,0.944444444,1.055555556,0.166666667,2.055555556,0.694444444,0.638888889,1.916666667,1.527777778,1.111111111,0.916666667,0.805555556,1.583333333,0.861111111,1.555555556,1.277777778,2.166666667,2.5,1.472222222,1.833333333,1.055555556,1.638888889,1.166666667,1.027777778,2.111111111,0.861111111,2.25,1.833333333,1.75,1.944444444,1.944444444,1.194444444,1.305555556,2.527777778,1.583333333,2.611111111,2.277777778,0.5,1.916666667,1.888888889,0.75,1.027777778,1.166666667,0.611111111,2.361111111,1.194444444,1.222222222,0.361111111,1.444444444,1.055555556,1.777777778,0.583333333,1.5,1.25,1.25,1.444444444,1.75,1.111111111,0.972222222,0.111111111,1.25,0.861111111,0.861111111,0.694444444,0.666666667,1.472222222,0.694444444,0.861111111,2.472222222,1.555555556,0.083333333,0.361111111,0.111111111,1.25,0.694444444,1.833333333,1.027777778,2.305555556,1.5,2.111111111,2.361111111,0.694444444,2.055555556,1,0.972222222,1.694444444,0.305555556,0.416666667,1.694444444,0.583333333,0.694444444
Week2-14to20,3.25,2.555555556,3.444444444,2.583333333,3.333333333,3.083333333,2.527777778,1.75,1.833333333,2.388888889,1.305555556,2.055555556,2.75,2.194444444,2.416666667,3.388888889,2.666666667,2.555555556,2.25,3.083333333,3.083333333,3.527777778,2.861111111,2.527777778,2.583333333,2.75,2.138888889,3.388888889,2.583333333,3,2.833333333,2.583333333,3.388888889,2.527777778,2.777777778,2.527777778,2.638888889,2.194444444,3.333333333,3.25,3.25,3.055555556,2.416666667,3.361111111,2.916666667,2.055555556,2.833333333,1.694444444,2.222222222,3.25,2.694444444,2.555555556,1.972222222,2.527777778,2.138888889,2.972222222,2.083333333,2.388888889,1.75,2.305555556,3.25,2.75,2.944444444,2.111111111,1.444444444,3.166666667,3.111111111,3.222222222,2.111111111,2.583333333,2.805555556,2.777777778,2.305555556,2.888888889,3.083333333,1.694444444,2.694444444,1.916666667,2.555555556,1.972222222,2.916666667,2.805555556,3.194444444,3.555555556,3.277777778,2.916666667,2.222222222,3.111111111,2.75,3.388888889,3.222222222,2.861111111,1.833333333,2.916666667,3.208333333,2.263888889
Week2-36to42,5.722222222,6.777777778,5.305555556,5.055555556,4.916666667,4.75,4.027777778,3.472222222,4.5,3.277777778,3.111111111,3.916666667,5.472222222,3.888888889,4.25,5.777777778,4.305555556,4.861111111,3.722222222,4.833333333,4.611111111,4.916666667,4.472222222,3.138888889,4.25,3.527777778,3.916666667,5.416666667,3.944444444,4.138888889,5.388888889,4.694444444,5.5,4.833333333,4.722222222,3.222222222,4.027777778,2.527777778,4.611111111,5.277777778,4.638888889,5.583333333,4.305555556,4.694444444,4.777777778,4.277777778,4.694444444,3.194444444,3.666666667,5.638888889,3.805555556,3.888888889,3.722222222,3.972222222,3.722222222,4.777777778,4.111111111,3.416666667,2.666666667,3.888888889,5.361111111,4.333333333,3.472222222,3.5,2.333333333,5.416666667,5.083333333,5.583333333,3.638888889,4.027777778,5.194444444,5.111111111,3.305555556,4.361111111,4.861111111,2.805555556,4.638888889,4.472222222,3.638888889,2.777777778,3.833333333,5.361111111,4.444444444,4.555555556,4.972222222,4.638888889,3.694444444,3.888888889,4.277777778,5.944444444,5.277777778,4.805555556,3.027777778,5.277777778,5.638888889,3.194444444
Week3-0to14,1.361111111,1.027777778,0.805555556,1.166666667,0.888888889,1.138888889,0.055555556,0.833333333,0.75,1.416666667,0.444444444,0.111111111,0.805555556,0.416666667,0.555555556,0.5,0.361111111,1.25,0.611111111,1.166666667,1.305555556,1.333333333,2.027777778,0.916666667,0.638888889,0.166666667,0.611111111,0.472222222,0.222222222,1.222222222,0.777777778,0.944444444,0.722222222,1.666666667,1.111111111,0.444444444,1.194444444,1.138888889,0.5,1.361111111,2.222222222,1.027777778,0.222222222,1.833333333,0.472222222,0.194444444,1.944444444,0.472222222,0.861111111,1.388888889,0.388888889,0.833333333,0.277777778,1.055555556,0.722222222,1.25,0.583333333,0.833333333,0.333333333,1.25,1.388888889,1.583333333,0.777777778,0.416666667,0.083333333,1.555555556,1.194444444,0.805555556,0.694444444,0.333333333,1.361111111,0.916666667,,,0.722222222,0.361111111,0.5,0,0.444444444,0.194444444,1,0.75,1.972222222,1.083333333,1.138888889,1.694444444,0.083333333,1.361111111,0.638888889,0.694444444,1.805555556,0.25,0,1.416666667,0.583333333,0.319444444
Week3-14to20,2.916666667,2.555555556,2.833333333,2.888888889,2.666666667,2.833333333,1.611111111,2.138888889,2.5,2.666666667,1.916666667,1.75,2.722222222,2.111111111,2.333333333,2.972222222,2.583333333,3.833333333,2.527777778,2.944444444,2.944444444,3.444444444,3.472222222,2.055555556,2.75,1.527777778,2.694444444,2.583333333,2.305555556,3.583333333,3.055555556,2.277777778,3.083333333,2.694444444,3.277777778,2.694444444,2.777777778,2.861111111,3.25,3.361111111,3.833333333,3.138888889,2.472222222,3.25,3.25,2.333333333,3.388888889,2.361111111,2.944444444,3.5,2.138888889,2.472222222,2.277777778,3.027777778,2.388888889,2.944444444,2.5,2.722222222,2.194444444,3.638888889,3.361111111,2.888888889,2.25,2.305555556,0.916666667,3.944444444,3.583333333,3.416666667,2.194444444,2.694444444,3.722222222,2.694444444,,,3.027777778,2.75,2.833333333,1.333333333,2.888888889,2.027777778,2.694444444,3,3.472222222,3.583333333,3.333333333,3.166666667,1.083333333,2.722222222,2.777777778,3.583333333,4.027777778,2.861111111,1.666666667,3.333333333,3.513888889,2.430555556
Week3-36to42,5.722222222,4.805555556,5.333333333,5.111111111,5.305555556,4.777777778,4.111111111,3.333333333,4.527777778,3.833333333,4.416666667,4.083333333,5.472222222,4.694444444,4.777777778,6.638888889,5.555555556,5.833333333,4.361111111,5.083333333,5,5.75,5.111111111,3.611111111,4.472222222,2.861111111,4.472222222,4.916666667,4.555555556,5.25,5.722222222,5.361111111,6.111111111,4.972222222,5.222222222,4.305555556,5.444444444,4.472222222,5.527777778,5.416666667,5.305555556,5.833333333,5.194444444,5.472222222,5.944444444,4.333333333,5.333333333,4.083333333,4.361111111,5.833333333,4.527777778,3.694444444,4.444444444,5.444444444,4.611111111,4.666666667,5.388888889,4.583333333,4.194444444,5.5,5.972222222,5.333333333,4.666666667,5.055555556,2.027777778,6.666666667,6.527777778,6.972222222,4.055555556,5.805555556,6.444444444,5.194444444,,,5.277777778,4.027777778,5.25,5.5,5.555555556,3.972222222,4.416666667,6.194444444,5.888888889,6.527777778,5.888888889,5.583333333,2.5,4.694444444,4.444444444,7.305555556,6,7.111111111,4.416666667,5.916666667,7.319444444,4.777777778
Week3-60to66,2.472222222,2.166666667,4,3.638888889,4.944444444,4.305555556,3.416666667,2.944444444,4.5,3.166666667,5.388888889,4.194444444,4.25,4.5,4.666666667,4.555555556,4.416666667,4.166666667,3.805555556,5.25,4.694444444,4.194444444,3.888888889,3.444444444,4.027777778,2.972222222,4.527777778,3.972222222,4.222222222,3.361111111,4.277777778,3.777777778,2.972222222,4.583333333,5.972222222,4.25,5.138888889,4.611111111,3.777777778,4.444444444,3.916666667,4.361111111,5.055555556,3.361111111,4.555555556,3.805555556,4,3.583333333,3.638888889,3.305555556,4.5,3.777777778,3.944444444,3.472222222,4.277777778,5.194444444,5.138888889,4.111111111,3.972222222,4.444444444,2,4.638888889,4,5.527777778,1.055555556,2.055555556,3.138888889,2.555555556,3.694444444,5.277777778,4.861111111,5.166666667,,,5.222222222,3.944444444,5.027777778,5.277777778,5.694444444,3.305555556,4.444444444,3.222222222,3.277777778,3.5,3.361111111,4.416666667,2.583333333,3.083333333,3.722222222,2.194444444,2.861111111,3.416666667,3.916666667,4.25,2.888888889,4.25
Week3-88to94,0.583333333,0.416666667,0.527777778,0.5,0.583333333,0.472222222,2.388888889,2.805555556,1.083333333,3.083333333,3.583333333,2.611111111,0.25,2.722222222,2.527777778,0.138888889,2.638888889,0.5,2.75,0.194444444,0.638888889,0.361111111,0.25,2.861111111,2.777777778,2.388888889,4,0.333333333,3.694444444,0.527777778,0.166666667,0.166666667,0.361111111,0.944444444,0.305555556,2.055555556,1.027777778,1.583333333,0.361111111,0.277777778,0.194444444,0.138888889,0.861111111,0.5,0.416666667,2.694444444,0.222222222,2.833333333,2.166666667,0.472222222,3.972222222,2,2.555555556,0.388888889,2.833333333,0.416666667,0.972222222,2.055555556,2.638888889,0.166666667,0.277777778,0.361111111,1.25,1.166666667,0.222222222,0.388888889,0.222222222,0.416666667,2.083333333,2.972222222,0.138888889,2.805555556,,,0.222222222,2.388888889,2.527777778,4.583333333,3,2.138888889,1.333333333,0.111111111,0.083333333,0.305555556,0.166666667,0.722222222,2.166666667,0.333333333,2.277777778,0.416666667,0.277777778,0.333333333,2.361111111,0.166666667,0.458333333,3.180555556
Week4-0to14,0.555555556,0.75,1.972222222,1.694444444,0.805555556,0.583333333,0.472222222,0.527777778,0.361111111,0.416666667,0.5,0.305555556,0.5,0.055555556,0.388888889,0.916666667,0.694444444,0.055555556,0.416666667,0.861111111,1.305555556,0.888888889,1.138888889,0.583333333,1.083333333,0.25,1.138888889,0.555555556,0.305555556,0.472222222,0.583333333,0.694444444,0.777777778,1.166666667,1.138888889,0.944444444,0.388888889,1.222222222,0.638888889,0.583333333,1.361111111,1.666666667,0.222222222,2.75,0.583333333,0.75,1.111111111,1.166666667,0.166666667,1.416666667,0.194444444,0.888888889,0.277777778,1.583333333,0.027777778,1.694444444,0.388888889,0.555555556,0.472222222,1.833333333,1.194444444,1.333333333,0.611111111,0.083333333,0.083333333,1.055555556,0.638888889,0.472222222,0.305555556,0.555555556,0.361111111,0.916666667,0.305555556,1.666666667,1.555555556,0,0.361111111,0,0.333333333,0.527777778,1.138888889,0.527777778,1.472222222,1.194444444,1.5,0.972222222,0.111111111,1.5,1.472222222,0.527777778,0.75,0.055555556,0.25,2.027777778,0.25,0.125
Week4-14to20,2.833333333,3.166666667,4.027777778,4.027777778,3.277777778,2.916666667,2.805555556,2.611111111,2.694444444,2.472222222,2.25,2.138888889,3.555555556,2.444444444,2.805555556,3.861111111,3.916666667,3.138888889,2.75,4.055555556,3.666666667,3.833333333,4.361111111,2.833333333,3.25,2.333333333,3.083333333,3.277777778,2.75,3.388888889,3.305555556,2.805555556,4.527777778,3.277777778,3.75,3.666666667,2.75,3.444444444,3.527777778,3.555555556,4.222222222,4,2.861111111,3.583333333,2.944444444,3,3.888888889,3.166666667,2.555555556,3.722222222,2.222222222,3,3.472222222,3.916666667,1.944444444,4.277777778,3.25,2.638888889,2.305555556,4.027777778,5.166666667,4.055555556,3.444444444,1.027777778,0.944444444,4.583333333,4.138888889,4,3.083333333,3.888888889,4.027777778,3.944444444,2.805555556,4.25,4.694444444,1.388888889,3.166666667,1.222222222,4,3.75,4.055555556,4.138888889,4.527777778,4.916666667,4.833333333,3.777777778,1.805555556,4.166666667,3.944444444,4.055555556,4.305555556,3.694444444,2.916666667,5.361111111,3.861111111,2.805555556
Week4-36to42,6.027777778,7.111111111,6.722222222,6.111111111,5.861111111,5.75,5.722222222,4.444444444,5.472222222,4.166666667,4.861111111,5.861111111,6.527777778,5.166666667,5.194444444,7.277777778,7.25,7.638888889,5.305555556,6.305555556,6.527777778,7.444444444,6.638888889,5.083333333,6.083333333,5.972222222,6.361111111,7.083333333,6.694444444,7.972222222,7.333333333,7.361111111,7.527777778,6.027777778,6.222222222,5.638888889,5.888888889,4.944444444,7.194444444,6.666666667,7.861111111,8.138888889,7.111111111,8.166666667,6.138888889,7.083333333,7,6.222222222,7.805555556,5.5,6.305555556,5.805555556,6.75,7.166666667,4.972222222,8,7.138888889,5.416666667,4.972222222,7.666666667,7.972222222,7.361111111,5.694444444,2.222222222,2,8.361111111,8.805555556,7.972222222,6.666666667,7.138888889,7.694444444,7.277777778,6.25,8.055555556,8.194444444,5.777777778,6.25,6.305555556,7.333333333,6.833333333,6.916666667,8.305555556,8.25,8.888888889,9,7.583333333,5.111111111,8.111111111,7,9.055555556,9.166666667,8.777777778,7.722222222,10.88888889,9.138888889,8.736111111
Week4-60to66,2.583333333,2.361111111,1.916666667,3.361111111,3.138888889,4.416666667,5.666666667,4.333333333,4.805555556,3.805555556,5.972222222,5.388888889,2.277777778,5.138888889,5.694444444,2.75,3,2.888888889,4.722222222,3.916666667,4.805555556,4.888888889,0.944444444,4.361111111,5.333333333,5.527777778,5.861111111,4.333333333,4.305555556,2.083333333,4.333333333,3.527777778,1.916666667,5.083333333,4.333333333,5.305555556,4.75,4.333333333,3.361111111,3.388888889,4.583333333,2,5.944444444,3.388888889,5,4.222222222,4.138888889,6.805555556,5.833333333,2.777777778,5.888888889,6.916666667,2.027777778,3.444444444,5.916666667,3.972222222,6.25,5.611111111,5.555555556,2.805555556,3.472222222,6.25,6.194444444,2,0.666666667,1.972222222,2.138888889,3.333333333,8.222222222,9,1.777777778,6.944444444,6.333333333,3.25,3.388888889,6.888888889,6.027777778,7.055555556,9.25,8.444444444,5.5,5.055555556,3.333333333,2.638888889,2.861111111,5.305555556,4.472222222,3.444444444,4.611111111,1.833333333,4.472222222,3.138888889,8.638888889,1.5,1.152777778,9.527777778
Week4-88to94,0.388888889,0.194444444,0.222222222,0.055555556,0.305555556,0.138888889,3.138888889,1.722222222,0.861111111,2.194444444,2.722222222,1.75,0.361111111,1.916666667,1.972222222,0.083333333,0.083333333,0.333333333,1,0.25,0.388888889,0.25,0.222222222,2.75,1.194444444,1.888888889,2.583333333,0.472222222,0.888888889,0.277777778,0.333333333,0.277777778,0.277777778,0.194444444,0.583333333,1.277777778,1.083333333,1.277777778,0.138888889,0.527777778,0.416666667,0.305555556,0.944444444,0.194444444,0.305555556,1.333333333,0.138888889,2.583333333,2.361111111,0.472222222,1.25,1.666666667,0.083333333,0.083333333,2.527777778,0.166666667,1.583333333,1.25,2.222222222,0.305555556,0.055555556,0.222222222,2.472222222,0.472222222,0.055555556,0.333333333,0.611111111,0.222222222,2.083333333,2.111111111,0.277777778,0.972222222,1.5,0.194444444,0.166666667,1.472222222,1.305555556,2.694444444,3.555555556,1.583333333,0.138888889,0.277777778,0.055555556,0.194444444,0.583333333,0.138888889,1.5,0.194444444,1.083333333,0.638888889,0.333333333,0.25,1.444444444,0,0.25,2.555555556
Week5-0to14,1.166666667,1.027777778,0.833333333,0.666666667,1,0.722222222,0.138888889,0.083333333,0.277777778,0.555555556,0.194444444,1.416666667,0.861111111,0.666666667,0.5,0.805555556,0.611111111,0.666666667,0.555555556,1.5,0.5,1.527777778,1.194444444,0.638888889,1.055555556,0.055555556,0.333333333,1.138888889,0.305555556,0.138888889,0.777777778,0.75,0.166666667,1.305555556,1.25,0.777777778,1.277777778,0.472222222,0.166666667,0.25,1.916666667,1.277777778,0.194444444,0.777777778,1.666666667,0,1.138888889,1.055555556,0.305555556,1.861111111,0,0.861111111,0.138888889,1.333333333,0,0.916666667,0.027777778,0.722222222,0.083333333,0.722222222,1.194444444,1.083333333,0.138888889,0.388888889,0,0.472222222,0.25,0.25,0.277777778,0.027777778,0.25,0.583333333,0.361111111,0.638888889,0.722222222,0,0,0,0.083333333,0.222222222,0.861111111,0.25,0.277777778,0.638888889,1.166666667,0.5,0,0.722222222,0.111111111,0.555555556,0.5,0.055555556,0,0.944444444,0.111111111,0
Week5-14to20,3,3.166666667,3.611111111,3.861111111,4.083333333,3.111111111,2.555555556,0.861111111,1.777777778,2.833333333,1.888888889,3.75,4.25,2.944444444,2.666666667,4.055555556,2.861111111,4.416666667,2.75,4.138888889,4.638888889,4.944444444,4.5,3.305555556,3.444444444,2.75,3,4.333333333,3.361111111,3.888888889,4.277777778,4.666666667,3.583333333,3.694444444,4.083333333,4.027777778,3.416666667,3.777777778,4.111111111,4,5.888888889,4.833333333,2.555555556,5.388888889,4.555555556,2.472222222,5.527777778,3.555555556,3.444444444,4.444444444,1.027777778,3.611111111,1.944444444,4.805555556,0.638888889,4.611111111,3.833333333,3.638888889,2.222222222,4.638888889,4.916666667,4.305555556,3.611111111,2.944444444,1.083333333,4.194444444,4.944444444,4.138888889,2.944444444,2.944444444,4.416666667,3.972222222,3.611111111,4.166666667,4.416666667,0.472222222,2.805555556,1.333333333,2.638888889,3.638888889,3.75,3.638888889,3.666666667,4.694444444,4.694444444,4.027777778,0.888888889,4.194444444,3.027777778,3.944444444,4.444444444,3.277777778,1.805555556,5,3.888888889,2.444444444
Week5-36to42,5.666666667,6,5.222222222,5.611111111,6.611111111,5.666666667,5.805555556,4.944444444,4.027777778,5.333333333,4.583333333,5.361111111,6.722222222,5.5,5.638888889,6.472222222,5.555555556,7.861111111,4.666666667,5.861111111,6.555555556,6.527777778,5.333333333,4.583333333,6.027777778,5.388888889,5.388888889,7.666666667,5.638888889,6.777777778,7.166666667,6.166666667,7.416666667,5.583333333,5.861111111,6.472222222,5.944444444,5.833333333,5.75,7.055555556,7.916666667,7.777777778,6.75,7.027777778,6.666666667,6.083333333,7.75,6,6.888888889,6.638888889,4.805555556,6.722222222,6.694444444,7.944444444,4.638888889,6.527777778,7.138888889,5.944444444,6,7.388888889,7.333333333,7.25,6.388888889,5.666666667,2.888888889,7.972222222,8.388888889,7.638888889,6.472222222,6.75,8.694444444,7.333333333,5.972222222,7.111111111,7.138888889,5.416666667,6.888888889,7.222222222,5.666666667,6.5,6.472222222,7.833333333,6.222222222,8.25,7.916666667,7.333333333,5.194444444,7.055555556,6.166666667,8,8,8.111111111,6.527777778,7.138888889,8.125,7.180555556
Week5-60to66,3.833333333,5.25,6.888888889,5.5,4.555555556,5.166666667,6.5,4.027777778,4.138888889,5.166666667,5.472222222,2.555555556,4.361111111,4.666666667,6.111111111,3.888888889,5.305555556,4.333333333,4.111111111,5.833333333,6.361111111,4.916666667,4.138888889,3.361111111,5.944444444,6.111111111,5.666666667,5.972222222,5.444444444,4.666666667,4.694444444,5.222222222,1.694444444,6.111111111,4.583333333,6.472222222,5,5.527777778,6.444444444,5.638888889,2.5,4.25,4.75,4.777777778,5.666666667,4.5,4.611111111,4.722222222,6.277777778,5.666666667,4.861111111,7.055555556,6.472222222,5.611111111,3.638888889,5.777777778,6.194444444,5.444444444,5.333333333,4.166666667,3.083333333,7.111111111,6.388888889,6,0.833333333,6.527777778,3.444444444,4.972222222,5.861111111,6.833333333,6.083333333,6.777777778,5.444444444,6,6.555555556,4.25,5.722222222,6.638888889,5.916666667,6.916666667,4.833333333,3.861111111,4.5,3.583333333,2.25,4.527777778,4.555555556,6.027777778,6.222222222,2.777777778,4.361111111,5.138888889,6.916666667,3.638888889,3.777777778,6.402777778
Week5-88to94,0.472222222,0.444444444,0.111111111,0.222222222,0.333333333,0.222222222,2.638888889,1.916666667,1.472222222,2.166666667,2.25,0.083333333,0.527777778,0.583333333,3.666666667,0.222222222,1.083333333,0.194444444,1.722222222,0.222222222,0.25,0.25,0.111111111,1.916666667,2.361111111,4.194444444,2.333333333,0.25,2.25,0.166666667,0.277777778,0.138888889,0.138888889,0.638888889,0.361111111,2.277777778,0.305555556,3.611111111,0.333333333,0.388888889,0.055555556,0.916666667,0.805555556,0.694444444,0.222222222,0.972222222,0.055555556,2.138888889,3.388888889,0.194444444,3.611111111,2.388888889,0.916666667,0.472222222,2.444444444,0.861111111,2.5,0.888888889,3.111111111,0.222222222,0.305555556,0.333333333,3.25,1.805555556,0.138888889,0.222222222,0.388888889,0.277777778,3.361111111,3.666666667,0.083333333,3.083333333,1.694444444,0.666666667,0.25,0.861111111,2.861111111,4.138888889,3.388888889,3.361111111,0.333333333,0.5,0.111111111,0.277777778,0.777777778,0.055555556,2.027777778,0.138888889,2.166666667,0.388888889,1.277777778,0.444444444,3.25,0.777777778,0.097222222,3.916666667
Avg-0to14,0.944444444,0.822222222,1.277777778,1.327777778,0.933333333,0.83,0.366666667,0.522222222,0.394444444,0.916666667,0.433333333,0.533333333,0.983333333,0.55,0.6,0.688888889,0.577777778,1.011111111,0.561111111,1.2,1.166666667,1.344444444,1.805555556,0.85,1.05,0.327777778,0.877777778,0.872222222,0.405555556,1.027777778,0.738888889,0.927777778,0.755555556,1.333333333,1.244444444,0.966666667,0.916666667,0.994444444,1.044444444,0.877777778,1.788888889,1.563333333,0.311111111,1.608888889,1.211111111,0.405555556,1.283333333,0.925555556,0.416666667,1.561111111,0.483333333,0.944444444,0.255555556,1.094444444,0.411111111,1.294444444,0.416666667,0.777777778,0.594444444,1.238888889,1.255555556,1.5,0.677777778,0.466666667,0.094444444,0.933333333,0.877777778,0.494444444,0.533333333,0.438888889,0.855555556,0.727777778,0.576388889,1.541666667,1.194444444,0.127777778,0.427777778,0.077777778,0.527777778,0.477777778,1.266666667,0.688888889,1.625555556,1.183333333,1.455555556,1.583333333,0.238888889,1.666666667,0.755555556,0.7,1.072222222,0.305555556,0.177777778,1.455555556,0.344444444,0.284722222
Avg-14-20,2.838888889,2.672222222,3.438888889,3.177777778,3.133333333,2.828888889,2.255555556,1.75,2.15,2.316666667,1.811111111,2.227777778,3.055555556,2.266666667,2.4,3.338888889,2.855555556,3.294444444,2.466666667,3.394444444,3.355555556,3.544444444,3.65,2.527777778,2.838888889,2.227777778,2.638888889,3.188888889,2.605555556,3.277777778,3.127777778,2.861111111,3.372222222,2.9,3.25,2.966666667,2.733333333,2.883333333,3.305555556,3.327777778,3.992222222,3.518888889,2.383333333,3.823333333,3.194444444,2.388888889,3.655555556,2.568888889,2.627777778,3.488888889,1.922222222,2.827777778,2.316666667,3.244444444,1.855555556,3.444444444,2.838888889,2.638888889,2.183333333,3.488888889,3.9,3.255555556,2.805555556,2.066666667,1.188888889,3.738888889,3.833333333,3.25,2.411111111,2.9,3.488888889,3.094444444,2.659722222,3.4375,3.627777778,1.616666667,2.761111111,1.466666667,2.927777778,2.644444444,3.088888889,3.25,3.585555556,3.938888889,3.838888889,3.377777778,1.644444444,3.383333333,2.933333333,3.533333333,3.655555556,3.072222222,1.938888889,3.905555556,3.243055556,2.486111111
Avg-36to42,5.711111111,5.855555556,5.594444444,5.25,5.572222222,5.135555556,4.794444444,3.744444444,4.505555556,3.733333333,4.1,4.861111111,5.738888889,4.7,4.977777778,6.266666667,5.144444444,6.255555556,4.361111111,5.15,5.366666667,5.8,5.283333333,3.988888889,4.888888889,4.211111111,4.827777778,6.055555556,5.111111111,5.894444444,6.216666667,5.6,6.266666667,5.022222222,5.233333333,4.772222222,5.194444444,4.472222222,5.844444444,6.011111111,6.144444444,6.38,5.538888889,5.952222222,5.544444444,5.138888889,5.827777778,4.586666667,5.305555556,5.722222222,4.75,4.988888889,4.966666667,5.761111111,4.588888889,5.822222222,5.583333333,4.722222222,4.272222222,5.905555556,6.277777778,5.566666667,4.744444444,4.05,2.222222222,6.705555556,6.844444444,6.338888889,5.061111111,5.688888889,6.544444444,5.861111111,4.944444444,5.9375,6.044444444,4.261111111,5.566666667,5.527777778,5.433333333,4.961111111,5.194444444,6.533333333,6.114444444,6.633333333,6.594444444,6.083333333,4.377777778,5.788888889,5.188888889,7.155555556,6.716666667,6.394444444,4.927777778,6.866666667,6.963888889,5.972222222
Avg-60to66,2.962962963,3.259259259,4.268518519,4.166666667,4.212962963,4.62962963,5.194444444,3.768518519,4.481481481,4.046296296,5.611111111,4.046296296,3.62962963,4.768518519,5.490740741,3.731481481,4.240740741,3.796296296,4.212962963,5,5.287037037,4.666666667,2.990740741,3.722222222,5.101851852,4.87037037,5.351851852,4.759259259,4.657407407,3.37037037,4.435185185,4.175925926,2.194444444,5.259259259,4.962962963,5.342592593,4.962962963,4.824074074,4.527777778,4.490740741,3.666666667,3.537037037,5.25,3.842592593,5.074074074,4.175925926,4.25,5.037037037,5.25,3.916666667,5.083333333,5.916666667,4.148148148,4.175925926,4.611111111,4.981481481,5.861111111,5.055555556,4.953703704,3.805555556,2.851851852,6,5.527777778,4.509259259,0.851851852,3.518518519,2.907407407,3.62037037,5.925925926,7.037037037,4.240740741,6.296296296,5.888888889,4.625,5.055555556,5.027777778,5.592592593,6.324074074,6.953703704,6.222222222,4.925925926,4.046296296,3.703703704,3.240740741,2.824074074,4.75,3.87037037,4.185185185,4.851851852,2.268518519,3.898148148,3.898148148,6.490740741,3.12962963,2.606481481,6.726851852
Avg-88to94,0.481481481,0.351851852,0.287037037,0.259259259,0.407407407,0.277777778,2.722222222,2.148148148,1.138888889,2.481481481,2.851851852,1.481481481,0.37962963,1.740740741,2.722222222,0.148148148,1.268518519,0.342592593,1.824074074,0.222222222,0.425925926,0.287037037,0.194444444,2.509259259,2.111111111,2.824074074,2.972222222,0.351851852,2.277777778,0.324074074,0.259259259,0.194444444,0.259259259,0.592592593,0.416666667,1.87037037,0.805555556,2.157407407,0.277777778,0.398148148,0.222222222,0.453703704,0.87037037,0.462962963,0.314814815,1.666666667,0.138888889,2.518518519,2.638888889,0.37962963,2.944444444,2.018518519,1.185185185,0.314814815,2.601851852,0.481481481,1.685185185,1.398148148,2.657407407,0.231481481,0.212962963,0.305555556,2.324074074,1.148148148,0.138888889,0.314814815,0.407407407,0.305555556,2.509259259,2.916666667,0.166666667,2.287037037,1.597222222,0.430555556,0.212962963,1.574074074,2.231481481,3.805555556,3.314814815,2.361111111,0.601851852,0.296296296,0.083333333,0.259259259,0.509259259,0.305555556,1.898148148,0.222222222,1.842592593,0.481481481,0.62962963,0.342592593,2.351851852,0.314814815,0.268518519,3.217592593
kg-Model1,103.8495273,101.8882531,106.3581598,101.7481693,100.5725176,93.05575355,68.5081201,57.38449596,74.41290265,61.91649495,61.13685427,76.57056105,104.1783069,73.72024256,71.55525552,110.8391108,86.38071665,110.34067,71.92301401,99.38627692,98.06383408,107.3384304,118.8832844,65.05202357,79.09515054,63.11405914,71.58524338,102.465635,75.92600982,110.1199529,104.3140425,99.54753367,121.2294841,91.14186291,97.64387974,80.19457165,88.62242801,75.80043191,104.4112163,104.4156329,124.398425,117.9205473,85.00891658,116.7999693,99.46490137,78.58263257,111.6268893,71.84240637,75.31978848,110.7559871,65.19665061,79.27448188,79.19538368,104.8011733,64.43917358,103.5302947,83.5954565,79.68244301,64.94807652,111.9908116,127.10586,98.22824845,75.05065381,69.93796211,9.462245395,120.1166836,125.7388096,108.9059657,73.1437241,77.5602735,112.3224558,84.39775868,78.93865478,107.4400467,107.7248168,65.22003142,80.21272731,64.36788271,74.73443345,74.54449291,94.79559972,109.1077526,118.5624547,126.0598755,128.0828673,108.2067331,63.19411915,110.1310298,83.14495718,127.1878959,115.5657665,104.8193104,69.43738278,129.4072607,118.81349,75.1600369
Res-0to14-Model1,0.312118069,0.426408316,0.068120277,0.021155875,0.273698785,0.26972717,0.39799487,0.099173174,0.473326246,0.000198954,0.209746521,0.336489986,0.275059622,0.272987017,0.194804637,0.834485763,0.45724531,0.341299376,0.235751664,0.057410731,0.064567349,0.043370901,0.007958184,0.009558084,0.00992608,0.350528375,0.026902607,0.373582983,0.488046645,0.318558617,0.594187474,0.264323527,0.98797497,0.000127802,0.029015523,0.039492049,0.1364305,0.011644927,0.217773002,0.401184168,2.92E-05,0.019430034,0.852368546,0.006080136,0.05272257,0.542762078,0.109052659,0.014385466,0.460753949,0.001608051,0.217637175,0.043162907,0.801940849,0.178257215,0.278596987,0.041671363,0.635925051,0.144607564,0.123779571,0.144275745,0.332872741,0.005912041,0.171241097,0.304087936,0.001999614,0.640733917,0.875046891,1.167510848,0.281817522,0.474341509,0.589627893,0.247828724,0.326037091,0.000155695,0.132309843,0.676355621,0.544459829,0.739821471,0.312784836,0.367895345,0.011558393,0.790203671,0.007439472,0.402482433,0.152671241,0.000334949,0.465257116,0.005523722,0.20440285,1.285194235,0.356606898,1.467373397,0.694104113,0.167612073,1.879408145,0.653573854
Res-14to20-Model1,0.629852549,0.810835074,0.072741969,0.152585874,0.159228368,0.221266963,0.062109665,0.142503611,0.303184599,0.001165212,0.197918163,0.295558473,0.34452846,0.169034903,0.042526648,0.254334657,0.05418335,0.285014808,0.023025615,0.010292195,0.009908541,0.037534714,0.1855762,0.019335246,0.00022147,0.009104195,0.001003284,0.161158077,0.020956857,0.295863445,0.269225018,0.409278393,0.603545776,0.115041816,0.036906711,0.005961297,0.1816966,0.018804648,0.118366208,0.103655581,0.0617349,0.284874096,0.437153975,0.038581081,0.092337875,0.20089253,0.044582657,0.002194841,0.010538033,0.123787031,0.222200635,0.001012578,0.291990958,1.74E-01,0.262638999,0.031812003,0.025697182,0.054736296,0.040758212,1.51E-01,0.174979139,0.041870067,0.007049664,2.36E-01,0.666514228,0.142783072,0.198784635,0.286581327,0.061341092,0.009259092,0.158816081,0.004831432,0.035706005,0.092261504,0.014895246,0.604856928,0.016624123,0.808135118,0.046906211,0.003661164,0.070097669,0.293100878,0.236053857,1.22E-01,0.257337075,0.149419127,0.464391918,0.192465704,0.002639868,0.619864263,1.08E-01,0.347827551,0.356299353,0.228746565,0.698379378,0.057157088
Res-36to42-Model1,0.733502958,1.088661333,0.472567852,0.19441279,0.623076666,2.84E-01,0.887238472,0.105487427,0.200690434,0.01682925,0.278024619,0.536798099,0.769545741,0.443070763,1.035079614,1.617049522,0.518112655,1.612830347,0.150544786,0.155307731,0.411438057,0.762374734,0.021648268,0.069793632,0.462658842,0.314348021,0.750560486,1.51470525,1.007242554,0.833703155,1.828286995,0.706264062,1.19507953,0.219506128,2.68E-01,0.280330419,0.501090216,0.136035186,0.95622223,1.309741967,0.852524601,1.586574084,1.329801866,0.723465414,0.618947648,0.895392197,0.669087318,0.379874217,1.483367514,0.531088893,1.040052101,0.600001971,0.56978433,0.785575733,0.787593644,0.949418965,1.534015272,0.245284707,0.304100997,0.79032887,1.03699654,0.701548033,0.443160258,0.021408013,2.247124325,2.401102604,2.573064095,1.90711094,1.094600621,2.3367422,2.315813636,2.229018538,0.548544282,1.017278406,1.231773742,0.280961277,1.751252112,3.345511288,1.863404204,0.808482923,0.300167626,2.469584621,0.967222953,1.927753262,1.74687944,1.29771,0.524507491,6.52E-01,0.735025486,3.590951054,2.676929429,2.308212035,1.085548057,2.484811067,3.344597667,3.571602138
Res-60to66-Model1,0.082089151,0.000246249,1.108957468,0.791985042,0.84918841,1.573309256,2.969516815,0.150920887,1.003073879,0.379516157,4.787974778,0.323713122,0.147859249,1.659880139,4.048094828,0.336874949,0.653758272,0.406857745,0.538384933,2.870004098,3.863380457,2.146006411,0.001245857,0.071847806,2.660629575,2.044866143,3.50834494,2.225169424,1.390008599,0.043547506,1.42060775,0.760337305,0.629310055,3.481111564,2.67857766,3.519059403,2.395649067,1.810294163,1.653244026,1.559520152,0.535401249,0.245516033,3.270781258,0.613360778,3.129810244,0.495012482,1.23360008,2.42709823,3.13571418,5.84E-01,2.651203314,5.98570388,0.45938492,0.882050557,1.347816639,2.98525838,5.813012646,2.518305215,2.250558536,0.451178465,0.001383366,7.184655768,4.195525885,1.068472855,0.042168253,0.262685161,2.41E-05,0.194477873,5.982115035,12.68678288,1.236293272,8.128079565,5.845089778,2.029747833,3.456911969,2.472918342,4.519824205,8.262210507,12.06840209,7.52049119,2.459636853,0.756622369,0.452236406,0.111474226,0.002327443,2.435416205,0.184345851,1.047875622,1.957813824,0.383316351,0.671185209,0.437770694,9.099337673,0.078461297,0.176975252,10.54611546
Res-88to94-Model1,0.269979656,0.472864841,0.444107624,0.613134009,0.433566567,0.89767126,0.806110382,0.002639227,0.286317697,0.242235772,0.711648544,0.019001198,0.378357969,0.00241612,0.95154317,0.524895491,0.012080557,0.290274455,0.007517014,7.53E-01,0.478154037,0.420253567,0.298850013,0.357094154,0.308196273,0.746796046,1.503653499,0.457288364,0.412376663,0.314914177,0.53709819,0.796162015,0.199525843,0.456310025,0.503444517,0.116800667,0.270708018,0.268964624,0.507637526,0.350501664,0.192211794,0.091358398,0.29241385,0.096457796,0.598460896,0.009585551,0.518562302,0.606980794,0.975999506,0.244495244,1.074089567,0.218120546,0.135623935,0.446215517,0.455416899,0.276443693,0.057595663,0.020500281,0.552225708,0.385981377,0.168866824,0.65355532,0.443940109,0.409396081,1.360986977,0.166166259,0.055140836,0.361538533,0.644803556,1.748394597,0.462981919,0.741714389,0.001395718,0.252893588,0.511602398,0.111156394,0.494662427,3.522271113,2.719217215,0.47676022,0.342455266,0.368356265,0.43917472,0.143355569,0.010365442,0.376870693,0.003573032,0.439342074,0.149352373,0.019974111,0.026782599,0.409433733,0.303722762,0.077967875,0.224359169,2.441658788
kg-Model2,71.39303926,71.92505835,81.93158408,77.24911281,78.9910588,74.79202022,95.47399005,41.55211842,60.58240905,45.20972343,51.95877329,64.33658137,76.39360566,71.05985713,102.5961213,80.27262039,77.22705959,81.93965841,60.341038,82.33351998,86.26274842,85.9284572,75.77008105,48.2347584,94.14349151,53.47571023,105.8871131,84.85986177,88.26725787,77.51121238,82.75203657,75.86831314,74.04735463,81.98667115,82.93889616,92.99518454,79.86867085,87.61515426,83.19476982,84.3522333,85.74508001,84.5529489,79.72380823,85.74504538,84.35223318,72.44050892,83.66197271,93.68290909,102.0651022,82.36216758,94.50607791,100.7118545,65.96767242,80.75450731,55.98817206,88.34999134,98.38679778,79.1566853,61.03350254,81.31991903,81.32269878,91.21356177,98.39204211,53.95598517,30,85.04939864,83.89233247,79.84883343,104.1268966,121.3514419,85.39620242,111.411273,92.12717604,87.18063023,88.83089962,53.31868583,102.2448746,122.0023031,124.1310767,105.0558667,82.50060104,83.38353046,82.58574929,84.81405288,84.11115817,87.61099661,48.98639664,82.78615782,90.36779683,80.9563113,88.66156828,80.06949196,102.5210589,85.97905737,78.08694656,122.5351144
Res-0to14-Model2,0.000111455,0.019570913,0.033053207,0.086695689,0.015204019,0.029059586,0.828933946,0.001129435,0.173011821,0.097288336,0.068488154,0.107109816,0.001486818,0.160436124,0.596594369,0.148141896,0.207265022,0.007219776,0.060541335,0.009732033,0.000162759,0.038027806,0.627269744,0.04193452,0.043817841,0.150194651,0.290133021,0.069127332,0.600883997,8.22E-05,0.135466991,0.00758435,0.055202451,0.055990957,0.018224349,0.076895243,0.02301616,0.031525852,0.004682001,0.062787747,0.412041536,0.18687967,0.570521221,0.213356302,0.006848969,0.317484649,0.026966275,0.107328637,0.899889917,0.211029035,0.609717325,0.162203972,0.392969402,0.000202136,0.114125463,0.012682164,0.80895955,0.079003529,0.049275577,0.022830777,0.028132699,0.07832476,0.40753008,0.065068429,0.09416053,0.041756893,0.059742549,0.329094562,0.738806555,1.353887146,0.082232384,0.581459442,0.430292211,0.140984856,3.82E-05,0.342750627,0.883447584,2.342004713,1.204833645,0.860294573,0.026595981,0.18190711,0.271266629,0.002381743,0.109182484,0.169241152,0.17337758,0.312775038,0.20544944,0.146632673,0.012944745,0.586002815,1.424712837,0.093294475,0.490139238,1.763381808
Res-14to20-Model2,0.049402343,0.001303261,0.190189778,0.120079316,0.056756492,0.007689625,1.342022849,0.051563284,0.004956536,0.435187573,0.0086913,0.016956953,0.065360783,0.114071282,1.392109628,0.15746716,0.000630546,0.084896965,0.065081352,0.142265797,0.041972606,0.163673343,0.762050016,0.577490863,0.292480548,0.071739523,1.017552079,0.007091137,0.369573278,0.190897712,0.009140512,0.006474709,0.433380665,0.010977846,0.044619166,0.146303313,0.037608497,0.096154687,0.066462861,0.057684599,0.73669197,0.180206623,0.290111236,0.475299739,0.011415395,0.070822184,0.349949824,0.637873853,0.884877158,0.221466109,2.151937083,0.505415064,0.010223436,0.08106278,0.038598096,0.052183692,0.417851196,0.068790065,0.002873211,0.258508012,0.845381062,0.001972572,0.462225447,0.007943926,0.007985294,0.394242744,0.579750807,0.104629363,1.442193276,1.017982262,0.134261416,0.430745065,0.443223304,0.066379358,0.157789004,0.113915478,0.658089356,6.010422325,1.04092365,0.973273291,0.004310413,0.038285222,0.31280569,0.698456186,0.576816099,0.034034946,0.022786926,0.122470021,0.117294702,0.320591323,0.184994033,0.018933623,2.687572559,0.583743365,0.145233401,2.072807494
Res-36to42-Model2,0.862486641,1.110697339,0.21275646,0.070485944,0.282224434,0.05445714,0.52958585,0.369436993,0.027892518,0.102785479,0.049007416,0.126289637,0.612570742,0.004935888,0.539944676,1.404343893,0.025812232,1.259149227,0.001148687,2.01E-05,0.010737489,0.298943792,0.121086937,0.124944649,0.356336601,0.058664058,0.943132058,0.69535507,0.044113816,0.812426594,1.120148724,0.437376235,1.932354003,0.012692384,0.004810327,0.465112987,0.015765347,0.689140993,0.452533946,0.647313884,0.803877385,1.362957411,0.225235307,0.496138352,0.114170685,0.101610257,0.412074666,0.785899925,0.154467802,0.331575335,0.5561623,0.454111448,0.154483096,0.441423729,0.230435849,0.248703934,0.000304739,0.105005291,0.007621096,0.626079585,1.353471485,0.026248007,0.733568698,0.002857419,0.001795891,2.185231412,2.72800975,1.614502835,0.478489698,0.261956095,1.707936679,0.006648455,0.235908424,0.419527992,0.500073531,0.090805393,0.018675289,0.475966566,0.705596297,0.665980451,0.001919839,1.838428994,0.923940063,1.996617877,1.946317461,0.610095579,0.476895725,0.396340317,0.036865025,4.212950182,1.916072613,1.740343475,0.612823743,2.598340468,3.810456634,0.067272244
Res-60to66-Model2,2.868397716,1.988955785,0.437891292,0.406251734,0.405916045,0.012373707,0.022086062,0.027786294,0.005601841,1.45E-05,1.958223437,0.197907474,1.327543679,0.014400388,0.009982039,1.329754308,0.316664381,1.286365153,0.035448902,0.003427155,0.054176497,0.142717067,3.15075068,0.159592235,0.038938687,0.388736151,0.129957237,0.06454137,0.208635312,2.075141959,0.268329984,0.350903486,6.389067993,0.107239716,2.03E-05,0.006510736,0.007972121,0.073135856,0.191755647,0.257995022,1.883487801,2.153296621,0.144579845,1.431553046,0.005685346,0.256314344,0.531343644,0.061071478,0.103328157,1.051841445,0.051860494,0.15493275,0.144648079,0.521070228,0.094370395,0.018278001,0.175890797,0.040418791,0.288346003,1.227127386,4.24993956,0.631775518,0.007375278,0.063191373,6.602626063,2.250837597,4.318470573,1.569429529,0.077977178,0.477766591,0.621166496,0.136377932,0.428756208,0.208396254,0.005737708,0.615443375,0.000214832,0.002562941,0.233620962,0.292734144,0.000408381,0.855121532,1.549574235,3.137298373,4.698854721,0.118601613,0.072933286,0.591309667,0.106814521,6.942115279,1.507976789,0.96229472,0.815068107,3.672205086,4.926504463,0.107835176
Res-88to94-Model2,0.001957738,0.033125882,0.224674379,0.143108148,0.07433818,0.094212792,2.097544378,1.788352356,0.468814532,3.20589132,5.367927909,1.047085872,0.056918032,1.488151924,1.196156725,0.320119105,0.39875628,0.175293804,1.875140884,0.303337844,0.225422929,0.36246583,0.168341443,3.604633949,0.804989422,5.348753299,1.349424199,0.25101376,1.70162211,0.102155186,0.277083324,0.17006312,0.096793541,0.028923296,0.140409967,0.499380709,0.010512945,1.459884071,0.271979313,0.19185011,0.436316539,0.151337385,0.02931076,0.176232606,0.271795713,1.264591379,0.455729305,1.755449091,1.078849092,0.155406243,2.939135662,0.239247444,0.515788669,0.170098372,4.497298521,0.244953884,0.074477676,0.509557993,4.857425055,0.261908797,0.281290609,0.613561623,0.830901578,0.414014852,1.452496226,0.29633352,0.171310111,0.157556979,0.635913042,0.011871227,0.49590193,0.021423802,0.221315935,0.252794089,0.610965509,1.124620467,0.38652737,0.90449764,0.092821098,0.35708737,0.031032477,0.258975896,0.486170569,0.350557843,0.101811317,0.414019363,1.702496354,0.318627566,0.620883491,0.063213859,0.128554178,0.133829801,0.529022228,0.331797271,0.151294654,0.105296515
Strain,ln1-1,ln2-2,ln3-3,ln4-4,ln5-5,ln6-6,ln7-7,ln8-8,ln9-9,ln10-1,ln11-2,ln12-3,ln13-4,ln14-5,ln15-6,ln16-7,ln17-8,ln18-9,ln19-0,ln20-2,ln21-3,ln22-4,ln23-5,ln24-6,ln25-7,ln26-8,ln27-9,ln28-0,ln29-1,ln30-3,ln31-4,ln32-5,ln33-6,ln34-7,ln35-8,ln36-9,ln37-0,ln38-1,ln39-2,ln40-4,ln41-5,ln42-6,ln43-7,ln44-8,ln45-9,ln46-0,ln47-1,ln48-2,ln49-3,ln50-5,ln51-6,ln52-7,ln53-8,ln54-9,ln55-0,ln56-1,ln57-2,ln58-3,ln59-4,ln60-6,ln61-7,ln62-8,ln63-9,ln64-0,ln65-1,ln66-2,ln67-3,ln68-4,ln69-5,ln70-7,ln71-8,ln72-9,ln73-0,ln74-1,ln75-2,ln76-3,ln77-4,ln78-5,ln79-6,ln80-8,ln81-9,ln82-0,ln83-1,ln84-2,ln85-3,ln86-4,ln87-5,ln88-6,ln89-7,ln90-9,ln91-0,ln92-1,ln93-2,ln94-3,N2,LSJ2
